average-3,average-5,gaussian-3,gaussian-5
0.091859058,0.108969781,0.087582851,0.097648079
0.125638551,0.144067622,0.121438062,0.132530773
0.092774596,0.097666228,0.089241586,0.092903463
0.116260986,0.108152713,0.114666646,0.107678161
0.097823632,0.106819772,0.093405059,0.099973697
0.097949219,0.118876975,0.092698168,0.104364689
0.067801701,0.070632317,0.064869845,0.06642861
0.112914546,0.123870565,0.111290819,0.118158122
0.127593872,0.128161064,0.123572195,0.129146883
0.097629122,0.101375552,0.096339973,0.09562445
0.145646052,0.162033425,0.13819867,0.153905273
0.1056561,0.110147909,0.104773807,0.107089941
0.103462922,0.112315916,0.10106639,0.105828289
0.096034473,0.106808195,0.092456742,0.099973355
0.202487464,0.205000007,0.192249604,0.201504261
0.160995775,0.166460265,0.155873392,0.164945311
0.090706573,0.104761934,0.086773924,0.098368691
0.094644888,0.115290515,0.091369757,0.106674805
0.118022185,0.129155155,0.113473965,0.124673147
0.105988608,0.109295261,0.10357241,0.105952694
0.181048484,0.237307008,0.166895874,0.197596635
0.066735932,0.084370908,0.061055613,0.071321247
0.095042105,0.119571017,0.088520399,0.103518341
0.065787153,0.081961952,0.062260945,0.071107532
0.109261287,0.122209002,0.103198394,0.112500046
0.108924917,0.125821627,0.103804417,0.116409643
0.110995511,0.120209101,0.108441221,0.113223003
0.196034243,0.214016095,0.188840872,0.200516415
0.114879316,0.133101831,0.107236317,0.117381508
0.090560624,0.098375407,0.088730779,0.093099349
0.141169702,0.151246527,0.140986428,0.145636348
0.121496342,0.138817038,0.117260224,0.126078117
0.098780784,0.103557246,0.096897456,0.102514556
0.086430619,0.09886987,0.083328168,0.089821025
0.129946688,0.135263903,0.126838648,0.137164199
0.083562368,0.107901979,0.07664553,0.092405656
0.069287922,0.08286297,0.064130139,0.074408773
0.10172658,0.10890671,0.097740966,0.100724973
0.203669662,0.196829036,0.204392071,0.198618204
0.166504731,0.150169559,0.166927366,0.163463817
0.137501696,0.128305043,0.136034463,0.133341772
0.123894624,0.114647026,0.12644253,0.117818884
0.125807177,0.117097345,0.128502989,0.12708203
0.161786875,0.159312106,0.163968543,0.160412887
0.140001013,0.127064466,0.137418009,0.132335843
0.088201397,0.0923408,0.084565808,0.08970096
0.234326632,0.232579237,0.228239343,0.235881207
0.119835135,0.119814312,0.11834599,0.121026232
0.108673632,0.102956875,0.106403533,0.109450377
0.119471127,0.11190982,0.117150402,0.115103644
0.209353124,0.204657635,0.206441546,0.20497335
0.214373427,0.210717304,0.206960344,0.214550758
0.226385281,0.236538449,0.220107022,0.231271152
0.212927886,0.193332295,0.217815937,0.208593705
0.109256766,0.108230932,0.107506131,0.10809388
0.140316749,0.13818502,0.137994656,0.140890601
0.134966353,0.121596245,0.13556692,0.131954149
0.187842923,0.151040157,0.189909211,0.171988943
0.133758699,0.125453517,0.131775308,0.128123353
0.15779202,0.152292942,0.149777712,0.160426171
0.111269981,0.126170813,0.104404521,0.117968621
0.124458884,0.113955667,0.124576024,0.123963592
0.18102282,0.185680037,0.175862029,0.184389856
0.138669839,0.143925193,0.134367996,0.140980936
0.134882754,0.133301107,0.132926047,0.134893855
0.105896535,0.110965254,0.106566246,0.108813403
0.156127214,0.170331307,0.152974966,0.158735158
0.098612167,0.122181149,0.092284607,0.107427203
0.091882215,0.093938946,0.090539762,0.092644732
0.163114229,0.1803631,0.157743801,0.16880666
0.220668057,0.222133383,0.223184084,0.222437954
0.216806676,0.195239916,0.217142498,0.20594539
0.204277151,0.1604518,0.213544729,0.186032646
0.185868861,0.16049896,0.186021386,0.174836058
0.105856566,0.124122234,0.100105554,0.112558792
0.181365354,0.186767121,0.182286213,0.184593558
0.178882267,0.172429703,0.173297029,0.171962418
0.073811398,0.082576353,0.072457914,0.075391725
0.11136142,0.12495115,0.10784007,0.116080658
0.087684125,0.085380363,0.087844901,0.082694655
0.152726767,0.108309193,0.161763882,0.139440752
0.094373842,0.098696001,0.091913378,0.095966808
0.111970445,0.120036112,0.107371569,0.113414668
0.064535816,0.085352071,0.059641136,0.071300816
0.063116003,0.08097549,0.058262905,0.068882627
0.067583301,0.090527976,0.061553157,0.076587407
0.079721939,0.090418279,0.07534412,0.079468996
0.076735986,0.087737016,0.07111633,0.080500136
0.093420774,0.111576681,0.089412445,0.101150341
0.133755108,0.135824529,0.125964851,0.135832971
0.09032944,0.117289064,0.082603685,0.104964289
0.128006178,0.155094459,0.118095459,0.137386463
0.093860817,0.104852316,0.088193267,0.095944276
0.077952622,0.083151453,0.075179969,0.077527407
0.062958069,0.08229487,0.058464561,0.069746983
0.05798479,0.071818857,0.055510281,0.063071754
0.076362122,0.089806842,0.072126431,0.081297235
0.102902421,0.121792956,0.097235124,0.111431915
0.086139703,0.108957237,0.079803583,0.092747849
0.102719252,0.115470693,0.095823015,0.10801036
0.149064386,0.176161802,0.137679044,0.161051016
0.107487488,0.101930075,0.104882375,0.107116878
0.168309571,0.211060052,0.158384803,0.185402178
0.15789122,0.186791244,0.148178652,0.16602436
0.156439387,0.173167643,0.148030712,0.158542753
0.127952323,0.138623344,0.124094786,0.135032638
0.114853035,0.125059442,0.110071752,0.118327827
0.145692659,0.160276216,0.138683516,0.151818088
0.14942216,0.157866671,0.13997286,0.152225918
0.116995842,0.123695582,0.113490996,0.119805299
0.119996382,0.159916052,0.112261776,0.131619788
0.147763956,0.169368005,0.137165184,0.159447508
0.118250641,0.130504751,0.114353148,0.126117463
0.166386743,0.169056017,0.157411617,0.162667934
0.153707629,0.163595888,0.147641865,0.155206065
0.145219353,0.167733322,0.13882621,0.148559089
0.150790569,0.173416341,0.143109656,0.159576205
0.096164303,0.114385178,0.091026312,0.104240274
0.149568851,0.169690178,0.141233126,0.157753223
0.092526882,0.104410926,0.089501986,0.100204763
0.182569491,0.204931635,0.171717596,0.189368381
0.171511891,0.184523815,0.162902299,0.176997973
0.165582305,0.175757855,0.1575492,0.170147074
0.186631925,0.211710858,0.175241893,0.197083886
0.1889338,0.200818481,0.180155438,0.198733103
0.131521883,0.128105292,0.128782844,0.133116107
0.156518172,0.164939687,0.14979645,0.161503786
0.155079883,0.162255083,0.144149669,0.162723886
0.138286596,0.159594035,0.135229515,0.153957797
0.12411189,0.150213606,0.115909202,0.133810503
0.142584849,0.180961523,0.133683468,0.157781939
0.081757711,0.10415384,0.075559225,0.08965927
0.076682649,0.091212417,0.071706661,0.078848062
0.074902425,0.09506294,0.069624615,0.080438401
0.085425408,0.105015165,0.077991211,0.094303752
0.105499142,0.117534744,0.09712203,0.105959997
0.117843303,0.14108698,0.108394367,0.127980779
0.111387542,0.132836018,0.105012438,0.121110225
0.095999088,0.109011064,0.090960637,0.100041475
0.11679637,0.122036712,0.112181421,0.113712573
0.094533545,0.117219249,0.087766728,0.10065443
0.071365658,0.090480945,0.066169942,0.07933379
0.116560951,0.134222379,0.10894768,0.126527506
0.134710179,0.15448107,0.127406997,0.142061838
0.181574826,0.208770861,0.171650931,0.194764911
0.26248075,0.245230256,0.253237408,0.228843493
0.170956689,0.204643074,0.165349597,0.180318099
0.156175132,0.190327688,0.146512288,0.162066051
0.139129473,0.155314176,0.134297132,0.140191352
0.13530447,0.146128963,0.128151442,0.142616317
0.106105907,0.124816417,0.097552932,0.116281061
0.119653682,0.145906489,0.110288216,0.129202191
0.118756199,0.119679465,0.113136162,0.121753818
0.139021495,0.138689659,0.131559077,0.132404698
0.153646711,0.18900849,0.143047786,0.170121993
0.132927489,0.156407141,0.122602988,0.140621338
0.1084532,0.122221535,0.104004046,0.116606185
0.100789144,0.112375421,0.095631603,0.107406029
0.113954541,0.125522393,0.106830136,0.118299868
0.080224266,0.090625811,0.076826607,0.080575667
0.069872318,0.079979497,0.065658667,0.071535232
0.095970485,0.12099835,0.088550168,0.10290624
0.091213803,0.104874711,0.085457374,0.096412674
0.08672582,0.105038383,0.081780563,0.094692874
0.089222459,0.11311792,0.084217336,0.095851924
0.08464537,0.102113966,0.076746451,0.090046698
0.161221822,0.172344838,0.152611296,0.167193289
0.132751398,0.135255178,0.128156472,0.134828577
0.134955077,0.148583245,0.130531689,0.139620995
0.14809821,0.186065971,0.139351082,0.162949037
0.134709019,0.161639839,0.126496044,0.14390232
0.152465022,0.181060983,0.14653524,0.162960059
0.145712634,0.15456447,0.137795653,0.149180477
0.086126639,0.102415545,0.081247818,0.090382409
0.117995479,0.149636149,0.108733999,0.129468294
0.168078226,0.168570159,0.164093589,0.16315196
0.125793476,0.146232653,0.120508412,0.136314102
0.087541142,0.100614865,0.082542976,0.092839795
0.090178883,0.111548729,0.083272609,0.100138794
0.156265297,0.159570442,0.148192689,0.154815184
0.151900142,0.158560956,0.141914356,0.155855519
0.136292874,0.158547437,0.125047946,0.142745089
0.133178744,0.172186645,0.12296185,0.147365268
0.114156671,0.130194734,0.107997012,0.118440998
0.170654995,0.180188259,0.165871351,0.176738164
0.147980709,0.147157303,0.142971789,0.148535649
0.124638141,0.152581955,0.1167677,0.13727995
0.089460159,0.116636987,0.084104487,0.100868751
0.098729331,0.120512458,0.094157717,0.105590122
0.103747208,0.120455448,0.098577451,0.110653352
0.10547231,0.118041712,0.101776383,0.108537557
0.113291461,0.112041518,0.10871059,0.107380988
0.105086317,0.105556398,0.105985003,0.105310488
0.068535295,0.083298041,0.063946883,0.075033048
0.078004226,0.091389932,0.072278962,0.084265147
0.103867964,0.121499524,0.098400984,0.11114498
0.094359871,0.111417134,0.088670267,0.10175539
0.080504916,0.10234556,0.072876636,0.085370694
0.070637103,0.090009094,0.064689136,0.078490815
0.068672757,0.086301096,0.059620312,0.07709798
0.074990344,0.09412481,0.066871253,0.082928577
0.166302233,0.17479839,0.161561567,0.171394867
0.091463236,0.098129712,0.08607518,0.09534829
0.088172341,0.103298575,0.081243475,0.094439463
0.095522645,0.116459476,0.092004984,0.105065481
0.117203275,0.121307057,0.114453575,0.117290808
0.11888601,0.130113813,0.117897771,0.12192062
0.132845284,0.142036375,0.129967064,0.135486666
0.083119569,0.102285009,0.077092872,0.086059723
0.160645727,0.172611238,0.159281399,0.170414988
0.114734169,0.13596431,0.11855735,0.112817158
0.166824377,0.147746663,0.168492141,0.170130702
0.126124577,0.154830353,0.129509937,0.125038737
0.130218589,0.155958767,0.131415933,0.129914992
0.088430036,0.101855596,0.081944302,0.093839867
0.089716131,0.100120192,0.08795969,0.092453771
0.09589219,0.108805959,0.089107067,0.103654783
0.103582357,0.112316565,0.095175629,0.108707125
0.12883072,0.136861497,0.126738591,0.127139538
0.141714578,0.130334865,0.140523906,0.136807533
0.164376209,0.190304846,0.156847907,0.17492729
0.192078059,0.182983533,0.192868775,0.178928507
0.179863145,0.17264965,0.181927209,0.173302982
0.194262453,0.18833021,0.198101812,0.19517065
0.146577335,0.133291411,0.150062495,0.141483818
0.141553267,0.126399968,0.142171991,0.131347345
0.198984559,0.184842814,0.199691181,0.189150421
0.206499234,0.199882583,0.209765455,0.199462944
0.195655025,0.185221686,0.194723431,0.191630324
0.182949476,0.161081019,0.189939194,0.173124597
0.139895332,0.146711641,0.139442084,0.143523781
0.128088392,0.131868258,0.127413459,0.130214836
0.129738484,0.133895955,0.128743481,0.133003312
0.153221997,0.144527035,0.151397039,0.148949442
0.159942266,0.164811511,0.157782646,0.163820738
0.131905274,0.125953311,0.132673442,0.12976667
0.14023228,0.131877596,0.139624078,0.135504774
0.235152182,0.252951121,0.221686464,0.244119494
0.149759173,0.171943526,0.142347365,0.158772813
0.121457229,0.138438541,0.123140959,0.123012181
0.076207629,0.091133277,0.071926665,0.082108535
0.092086672,0.109600558,0.085576707,0.099315909
0.121048667,0.127082049,0.119891149,0.123555548
0.136857219,0.140175058,0.138544034,0.134792854
0.225829301,0.219303078,0.224119356,0.228000077
0.151223288,0.161085484,0.14599145,0.14908573
0.358395823,0.369026851,0.347446259,0.344383833
0.309673973,0.347269467,0.302369061,0.310106056
0.394824985,0.399021084,0.380961356,0.380573903
0.151873732,0.164025234,0.145292959,0.154989217
0.174106836,0.164432115,0.172845905,0.168912648
0.100517943,0.084152406,0.101042261,0.092528065
0.155577442,0.146336474,0.153564532,0.151530151
0.147771364,0.137459141,0.148018364,0.144056814
0.183635727,0.184569952,0.177791608,0.185913838
0.16334494,0.164753853,0.16040777,0.164293321
0.232808039,0.232446608,0.230636353,0.235821362
0.173519219,0.165405963,0.172806341,0.169157975
0.122026349,0.106071609,0.124484201,0.118147128
0.159637357,0.128648273,0.159447903,0.150633021
0.128236224,0.124506476,0.127005265,0.126608791
0.155650826,0.139636952,0.156350552,0.14760138
0.125732366,0.102548051,0.127364095,0.117835102
0.126179754,0.115109299,0.124856003,0.120671896
0.155799624,0.175439296,0.144170612,0.161289838
0.148940711,0.171094158,0.138478369,0.160139935
0.140573038,0.153127152,0.13150293,0.149878236
0.141095863,0.139647102,0.133196586,0.140709536
0.106717366,0.102735465,0.103910874,0.105250531
0.120405742,0.114430991,0.120210625,0.11925334
0.208260425,0.220778128,0.205718945,0.208796897
0.155109027,0.141253151,0.156526733,0.151269417
0.251581371,0.247733194,0.252758291,0.255927789
0.184264334,0.159075751,0.18699656,0.16536037
0.181118694,0.156416324,0.183059871,0.172447024
0.207043088,0.194182537,0.209605239,0.199860523
0.177061815,0.154551773,0.178755249,0.167087396
0.122530877,0.124930388,0.118270318,0.123833076
0.141061585,0.149335017,0.138723946,0.142871053
0.176800465,0.172167904,0.183783838,0.183989293
0.12370553,0.124135282,0.120305683,0.124418369
0.244303197,0.229526817,0.247818952,0.239848961
0.163251571,0.174156481,0.157430494,0.171435157
0.185921208,0.195785374,0.181966244,0.197162729
0.195885208,0.206164062,0.182146693,0.202080721
0.124073976,0.108891906,0.126106794,0.118048911
0.113953468,0.097085517,0.115925044,0.105278317
0.107610823,0.113443564,0.104024942,0.112765381
0.126657802,0.132033825,0.120577265,0.131611691
0.141498034,0.135595885,0.138122224,0.137344003
0.179404478,0.169678795,0.175410558,0.172991568
0.172972549,0.180044683,0.168668894,0.17990002
0.160753693,0.160435007,0.156704364,0.15807258
0.126516971,0.127229767,0.120798782,0.127969479
0.115317833,0.121482053,0.109378343,0.119271631
0.232883399,0.256919297,0.221232982,0.240397302
0.172485981,0.177588108,0.165418671,0.169899133
0.213465588,0.187052664,0.213825511,0.197544205
0.10217716,0.112510767,0.096643708,0.10814627
0.177910128,0.156100686,0.175658252,0.166978631
0.178488607,0.158853465,0.176210094,0.168095176
0.182475386,0.211824641,0.175094998,0.192325116
0.168466046,0.154678693,0.168887232,0.161612737
0.096496114,0.095751034,0.095567659,0.096531433
0.137172039,0.13788379,0.132097543,0.140466728
0.229150283,0.227646795,0.228812808,0.226752081
0.250625216,0.235220234,0.253447227,0.243687405
0.210077588,0.210244565,0.200385115,0.201817135
0.210478921,0.197740869,0.209772336,0.201365284
0.230073224,0.211609697,0.224244937,0.219900569
0.271216118,0.245394187,0.27082757,0.2648191
0.26958243,0.274303312,0.262488322,0.272263873
0.245973283,0.21940748,0.243686335,0.238203972
0.290710639,0.314993649,0.280327848,0.300369822
0.197849938,0.205714363,0.191947673,0.19594541
0.211550276,0.216831698,0.208750625,0.207037618
0.16162235,0.191261495,0.15289369,0.170393378
0.313545141,0.344393232,0.301362009,0.326497657
0.116074851,0.115172914,0.111195424,0.11852971
0.106674633,0.106759677,0.105335027,0.110253165
0.113735511,0.108210384,0.120514103,0.110963793
0.248417456,0.290542863,0.228401643,0.270066773
0.184709073,0.250511206,0.16787447,0.202426852
0.225708862,0.246317246,0.22108592,0.229358349
0.158883395,0.132973729,0.158961322,0.146970859
0.284798209,0.279620546,0.292230891,0.283031949
0.258837158,0.273627451,0.257006271,0.268969707
0.359338582,0.330983475,0.366767068,0.353084366
0.123326872,0.116870457,0.120864471,0.115254705
0.216808022,0.226128399,0.210417014,0.200881476
0.230173562,0.221933324,0.233419511,0.230948611
0.144638963,0.129695503,0.140929254,0.139236675
0.170463046,0.156149167,0.174769472,0.168166372
0.151372408,0.134605165,0.151175649,0.145775607
0.155423471,0.149932369,0.148832691,0.152601903
0.28021166,0.27930803,0.269369712,0.275417958
0.244574443,0.222304282,0.237728282,0.236784193
0.153963081,0.159339165,0.149500163,0.153583958
0.079909285,0.100125,0.076096,0.08727821
0.071767866,0.091222426,0.066998588,0.080584092
0.046195557,0.068278499,0.041753361,0.052159286
0.059970891,0.077272764,0.056344391,0.064922853
0.075061453,0.091167045,0.069361287,0.082328865
0.131793559,0.141058902,0.129644845,0.139590497
0.084479176,0.104272253,0.07753172,0.090239979
0.123828002,0.12096535,0.124682061,0.120724523
0.139818276,0.123181081,0.138829831,0.130987658
0.138611523,0.154476115,0.132157817,0.142214635
0.080219386,0.086180274,0.07719825,0.083519049
0.095306973,0.119218714,0.089937204,0.103907192
0.196391912,0.196942736,0.188827847,0.199603641
0.180730007,0.145465858,0.191391342,0.171837369
0.082229982,0.126471378,0.073435907,0.100469355
0.071161771,0.09185725,0.066716745,0.078623011
0.101580378,0.122958281,0.098520923,0.108233474
0.073698718,0.089063955,0.06802261,0.077840745
0.073677692,0.089035876,0.071279318,0.079282786
0.2266019,0.201671224,0.237864134,0.222604089
0.22683478,0.211821545,0.229762116,0.226296836
0.130511291,0.128586493,0.131845967,0.130942935
0.174404306,0.1588487,0.175989059,0.165063662
0.078344021,0.083393149,0.074466897,0.080830196
0.085152234,0.098096567,0.078505915,0.089746211
0.077632771,0.089206247,0.074646148,0.081107243
0.139861418,0.134185387,0.137389347,0.135006603
0.137975382,0.117410257,0.138999476,0.132094374
0.142150418,0.136037079,0.138731417,0.136454315
0.210611591,0.160770995,0.215503382,0.190839241
0.161952225,0.141542918,0.168505307,0.163644271
0.163595937,0.147193581,0.160921013,0.165037507
0.165553301,0.142326035,0.172157863,0.164738524
0.189659855,0.192415143,0.193018448,0.191591623
0.158663644,0.143136967,0.158406695,0.154819226
0.105364557,0.109948707,0.097997734,0.10821976
0.147804406,0.156342471,0.142716265,0.151909202
0.168727292,0.192786369,0.159539788,0.180011957
0.048474826,0.087240447,0.043552369,0.054423595
0.05262562,0.084142306,0.047452093,0.060009491
0.082792657,0.072678025,0.086554757,0.079568382
0.142846518,0.12866479,0.136730136,0.14516329
0.144193847,0.146052282,0.137602716,0.146137381
0.159419446,0.130232958,0.159517482,0.145983155
0.138851541,0.121184433,0.134848417,0.140027052
0.126407335,0.116192243,0.123543924,0.12192277
0.104015981,0.082052174,0.107027065,0.097195621
0.131431845,0.116744268,0.129793036,0.137850976
0.162906556,0.169102522,0.160014498,0.16415542
0.136315283,0.126926102,0.135977392,0.130127667
0.197608894,0.175194826,0.197180866,0.189711575
0.123515128,0.10765431,0.122357356,0.11817401
0.119105304,0.118231151,0.112519529,0.122321363
0.081664232,0.099111227,0.075136048,0.089040954
0.062156417,0.082378689,0.05673696,0.069255743
0.15519121,0.141828706,0.154136351,0.155768494
0.142773211,0.133091012,0.144594084,0.148248517
0.137473949,0.119484091,0.137071625,0.131395545
0.142090559,0.116343849,0.146872634,0.132639455
0.137344543,0.170218091,0.132048697,0.148169601
0.072119343,0.094280504,0.065554915,0.079178318
0.125939686,0.140169314,0.115418366,0.133826289
0.063990696,0.084515912,0.059673847,0.071236764
0.084979196,0.104892619,0.077764625,0.092227149
0.122005004,0.159555642,0.111169181,0.135813101
0.069671113,0.097820486,0.063734248,0.077788503
0.067983713,0.083346643,0.062788601,0.074723271
0.120658764,0.13434593,0.113592439,0.123843732
0.082781093,0.100439145,0.078661525,0.091157884
0.072697074,0.086682699,0.067409721,0.075999773
0.0644877,0.074533144,0.061484689,0.064188243
0.07669152,0.082588497,0.073376814,0.07713498
0.064251767,0.077692377,0.059330265,0.06804154
0.167384813,0.211547313,0.155654462,0.179736983
0.071602085,0.096945411,0.064171192,0.081601695
0.072893764,0.089862418,0.067953347,0.07753724
0.148670007,0.157069642,0.141286424,0.150302517
0.1338445,0.136667623,0.129074694,0.130788004
0.214612214,0.213977511,0.205314386,0.212585156
0.180403331,0.210504458,0.174151367,0.191082063
0.241276639,0.246401162,0.235115215,0.251836379
0.192162369,0.178331746,0.19282552,0.182640351
0.144436961,0.131100881,0.139606075,0.141037931
0.217581235,0.179285525,0.220416375,0.203342802
0.194976368,0.199904314,0.190705432,0.201697533
0.174143676,0.181100105,0.169038332,0.179411463
0.121747239,0.120433156,0.118737213,0.119277284
0.141558532,0.1211611,0.142937246,0.133934201
0.200407895,0.236241422,0.190991565,0.215515365
0.191520294,0.201305363,0.187532031,0.197888531
0.270596145,0.25214108,0.269950978,0.25841371
0.216125756,0.223704806,0.205697541,0.214080283
0.110514961,0.135588911,0.101423824,0.11465324
0.172426772,0.217423271,0.156330444,0.175547223
0.235900351,0.195966457,0.240258568,0.228136823
0.305316199,0.291086337,0.305814523,0.298728911
0.22424108,0.211945292,0.227900615,0.224507075
0.137859907,0.173066448,0.125025278,0.141850122
0.119498106,0.141115064,0.109802855,0.122532887
0.125544202,0.162779266,0.119541752,0.140485992
0.124500068,0.156554099,0.112771375,0.128777323
0.089756834,0.116111478,0.083126642,0.102493655
0.098692421,0.117474434,0.091033591,0.107289563
0.140030088,0.129899777,0.139270565,0.136630377
0.154430442,0.158579548,0.155562976,0.165498391
0.196140927,0.232562282,0.187664322,0.203322509
0.220742857,0.220269707,0.216654653,0.223335068
0.136161923,0.15584501,0.128635792,0.141761825
0.170267539,0.169687975,0.170714065,0.163191746
0.212325696,0.213469406,0.209739608,0.209038858
0.145939749,0.15989026,0.132910011,0.145376358
0.236304674,0.242739686,0.23445234,0.236503111
0.159825789,0.189684545,0.153153974,0.166113551
0.085017503,0.102801825,0.079279464,0.092251052
0.14577552,0.156430841,0.145646659,0.149151875
0.13635475,0.138549078,0.135560545,0.138323205
0.146968765,0.15008497,0.146065273,0.146683771
0.139085911,0.138997143,0.139008778,0.137629239
0.187704709,0.18826321,0.184881106,0.186092903
0.158465236,0.161875385,0.155835316,0.157779104
0.115226808,0.112902689,0.112912915,0.112886761
0.115496913,0.108275459,0.118078017,0.110329161
0.119949475,0.111183231,0.120417834,0.113177767
0.125483638,0.133135636,0.125072066,0.129274063
0.109544454,0.120503899,0.105413325,0.114862386
0.138063651,0.160783345,0.131721804,0.147024612
0.165082449,0.170073812,0.161438476,0.163051825
0.159136071,0.173968279,0.12660479,0.164743603
0.181568184,0.159409461,0.180100006,0.175118993
0.241366886,0.220319641,0.237870419,0.238849616
0.158639772,0.156348818,0.156364751,0.158074733
0.149113385,0.145582899,0.149443617,0.14258105
0.259529972,0.276474934,0.250485281,0.259351776
0.1523844,0.148067845,0.151658291,0.149321945
0.176355346,0.156121092,0.174956053,0.165853819
0.108237343,0.094563552,0.113004055,0.109401955
0.102116764,0.093112744,0.107082741,0.105479891
0.184008272,0.175979868,0.183725861,0.184609632
0.195498683,0.157563384,0.200131752,0.189517071
0.158374723,0.125981606,0.162174298,0.148274779
0.203159574,0.190856783,0.204046614,0.192595781
0.207218885,0.20313869,0.20332239,0.207374843
0.144407414,0.127960899,0.147494318,0.135996514
0.13759415,0.13883054,0.136427971,0.139781141
0.212802061,0.210152668,0.211664653,0.210179178
0.154174472,0.155135701,0.149894054,0.15886908
0.151139826,0.156485663,0.145991236,0.150310109
0.187740289,0.180001303,0.187860735,0.185221702
0.206848221,0.189576364,0.211486711,0.198280628
0.135420738,0.153131457,0.12885038,0.137685868
0.167792328,0.188312363,0.162596781,0.169391514
0.210614785,0.220873357,0.196503268,0.199549008
0.186947883,0.150002473,0.192989993,0.173109755
0.105605215,0.112377516,0.101466977,0.107315875
0.126562268,0.113510028,0.124670538,0.124307186
0.159769243,0.155495483,0.157453025,0.154381734
0.267399913,0.271180749,0.2737392,0.284037423
0.183020235,0.20932409,0.177018479,0.197969428
0.176536299,0.199981927,0.171326742,0.187217026
0.283573647,0.271970717,0.276255652,0.278149713
0.385790155,0.433345805,0.364506931,0.370963255
0.321316189,0.366608247,0.314703589,0.31920506
0.295072058,0.288320548,0.298102472,0.298036267
0.101701975,0.1153485,0.097821317,0.110706507
0.066134389,0.087968505,0.059954875,0.075169753
0.098130055,0.110215555,0.091245633,0.104564993
0.098762827,0.124312494,0.091270542,0.106687682
0.135575767,0.131764345,0.132911317,0.133537015
0.122363042,0.114562804,0.12094063,0.111797788
0.149150263,0.159440961,0.146136774,0.149335413
0.135521675,0.142280991,0.134144006,0.136118474
0.069376865,0.090093726,0.06121013,0.076838221
0.077692473,0.089711215,0.072659501,0.086771616
0.126255563,0.115726279,0.128943422,0.121595246
0.079014881,0.079263012,0.079200282,0.078452569
0.066068452,0.073891208,0.063517587,0.067357897
0.086826759,0.104344157,0.080470844,0.093070332
0.067462094,0.071489952,0.066070086,0.068349833
0.054917405,0.069036533,0.051991361,0.058388085
0.052348426,0.068204356,0.04998764,0.056555557
0.174359526,0.216825754,0.158649028,0.193310606
0.071746212,0.081017258,0.06936349,0.074355747
0.081133912,0.090959785,0.076332235,0.081045327
0.066176934,0.077301373,0.06242051,0.069113601
0.159448448,0.165962483,0.157988648,0.162003956
0.077151713,0.080415868,0.07845382,0.078449962
0.091147803,0.107870427,0.085520859,0.096146715
0.181500541,0.193996351,0.176628275,0.18337399
0.130283219,0.140943862,0.121877346,0.139087935
0.176947887,0.179255708,0.169515146,0.172956729
0.156558533,0.169706375,0.151673817,0.165632473
0.133394623,0.127084698,0.134466208,0.136572659
0.119138522,0.126952238,0.114905187,0.122089873
0.141020419,0.121293941,0.139816996,0.133018591
0.146309126,0.117906878,0.147211798,0.132922823
0.237108833,0.241106277,0.232591597,0.244594296
0.243307871,0.256462186,0.23755535,0.23547197
0.171948283,0.196964075,0.165102545,0.183482547
0.224449002,0.212004072,0.224092714,0.205339238
0.27657927,0.250561814,0.283192432,0.267920762
0.279771334,0.327107955,0.266724779,0.285543031
0.223368094,0.233011297,0.218470239,0.230749486
0.280783389,0.251289961,0.288231078,0.270777781
0.278787335,0.213552462,0.284157459,0.249519055
0.286829716,0.241286581,0.295971878,0.277491602
0.271887245,0.236728862,0.280043941,0.264725348
0.274799205,0.222982638,0.282570264,0.260906248
0.247462872,0.208741911,0.250557033,0.226192027
0.245447562,0.210028921,0.254055406,0.231481815
0.268728133,0.203365734,0.280230992,0.248571596
0.285585699,0.267479968,0.28319168,0.279702331
0.236934493,0.20152479,0.242530801,0.217145739
0.287537966,0.27012957,0.286987279,0.275529613
0.30487919,0.295387553,0.302475953,0.303779213
0.279487956,0.275409871,0.276597032,0.275072351
0.222220922,0.21211014,0.214456373,0.213228344
0.245137844,0.219713525,0.247565577,0.226286635
0.260615669,0.222004292,0.267020821,0.237933444
0.234263046,0.195575312,0.243121293,0.228328051
0.201185875,0.17158721,0.210877243,0.19091127
0.27354462,0.224354509,0.283242447,0.258148737
0.22802537,0.185597355,0.237596288,0.210676588
0.18809799,0.14916894,0.197242322,0.182459265
0.283283477,0.240406049,0.294527725,0.272622563
0.188941217,0.187594462,0.187556257,0.191089294
0.144965821,0.156195825,0.141867719,0.150571775
0.12008083,0.123355873,0.11559882,0.119849209
0.159449505,0.155541382,0.159163907,0.155898786
0.132877838,0.139127219,0.131540469,0.139125021
0.171644261,0.189305832,0.172767427,0.178959518
0.175319312,0.17078614,0.165673783,0.156618452
0.13782464,0.141421356,0.135529517,0.139089581
0.190506774,0.202970077,0.184168159,0.194430874
0.403907178,0.341112612,0.411827479,0.375080691
0.18473169,0.184762872,0.178319308,0.175680688
0.249961474,0.215561274,0.251149637,0.226457714
0.154296676,0.17476347,0.148622622,0.163997628
0.233403967,0.237482377,0.226914853,0.233665219
0.272816038,0.291220605,0.279354597,0.295173579
0.237969411,0.244926442,0.234319562,0.243054287
0.212438651,0.20953485,0.211466781,0.218243972
0.231338634,0.243766689,0.23457515,0.248779577
0.096676377,0.106015868,0.091925018,0.101433096
0.163528447,0.182471743,0.15879877,0.172775425
0.28235892,0.253950809,0.278565159,0.267681766
0.251880245,0.221563232,0.253826145,0.238986601
0.264799186,0.22807772,0.265303962,0.247151123
0.28635944,0.286801961,0.281800004,0.283813251
0.183440086,0.162320914,0.191075224,0.167190572
0.139425845,0.096449322,0.148338281,0.123193231
0.173084521,0.137033327,0.181296775,0.149005344
0.197414468,0.192566803,0.194554816,0.197836687
0.170018793,0.143166445,0.17298535,0.15106416
0.199427424,0.140230966,0.211921312,0.166514331
0.324362682,0.351774274,0.314941474,0.326827761
0.129628483,0.114244014,0.135060029,0.121341019
0.256139009,0.220158054,0.258806232,0.230590103
0.127662292,0.144157029,0.125786763,0.130895697
0.204413766,0.137575526,0.210887132,0.153911832
0.199800734,0.191364761,0.196094075,0.195324939
0.19585382,0.190398548,0.194961905,0.196309833
0.222300971,0.213216381,0.215783598,0.215002031
0.217151414,0.186424724,0.228396091,0.195590539
0.21420722,0.182732086,0.222324864,0.194886795
0.281675302,0.229726784,0.274542921,0.251041574
0.225311255,0.218392527,0.220867047,0.224926397
0.235382351,0.231202291,0.228060487,0.226363994
0.206054098,0.211387853,0.193663795,0.211374597
0.157968155,0.204834491,0.163180235,0.163921691
0.212461145,0.230173717,0.204869436,0.21329075
0.180651226,0.205735961,0.174160711,0.18720304
0.188410352,0.177517814,0.186652488,0.18716591
0.179165081,0.206995596,0.168877003,0.188829322
0.142317109,0.144849418,0.139703201,0.142635381
0.225636163,0.196782819,0.224256277,0.220175561
0.335678626,0.371647638,0.319075264,0.347255705
0.293572698,0.340073546,0.286492456,0.318282463
0.318595414,0.371585889,0.298515448,0.342946113
0.179660768,0.17670505,0.178594862,0.184112323
0.300899945,0.327632727,0.285890621,0.317122636
0.271360043,0.334969468,0.258342324,0.298651463
0.172835162,0.200214065,0.16407773,0.18017008
0.100373166,0.110005875,0.097481888,0.104517673
0.102710262,0.116105401,0.099725224,0.108109062
0.103461521,0.115900933,0.098937298,0.110086788
0.243651192,0.246136977,0.237765461,0.243663818
0.188100757,0.196067546,0.184578896,0.187000153
0.195633526,0.2078831,0.186864401,0.198516922
0.158060875,0.164334413,0.154551457,0.159225863
0.078633606,0.088834475,0.074907231,0.08358394
0.07960235,0.096733563,0.075784211,0.086305511
0.218556636,0.227200186,0.213008788,0.222704595
0.220533713,0.227171769,0.219688411,0.224681261
0.236543352,0.262899512,0.231067986,0.246658506
0.22960252,0.24714193,0.21732603,0.232464546
0.238704227,0.21966718,0.236645858,0.231586824
0.246426077,0.237604615,0.246142955,0.247587033
0.221439574,0.179290366,0.222159959,0.203766673
0.1987091,0.196413148,0.196067293,0.190503075
0.110527929,0.108000826,0.108488475,0.109807016
0.104532622,0.103997578,0.104660768,0.103954942
0.145205943,0.139729928,0.145392851,0.142662321
0.15995314,0.12864068,0.161809749,0.143384914
0.116547035,0.111941336,0.112320172,0.115178242
0.125786439,0.123578743,0.126975684,0.127822479
0.185751818,0.162000579,0.192195869,0.177757419
0.144059216,0.141382205,0.141757657,0.142282151
0.2322479,0.211508705,0.231710253,0.218018331
0.188711384,0.15449556,0.196589078,0.173049831
0.177574342,0.183948107,0.172716975,0.185136855
0.255997193,0.249202031,0.248509192,0.248550752
0.171874303,0.150546606,0.173968573,0.160803645
0.191170612,0.159333955,0.193934354,0.176135624
0.1905094,0.162926925,0.190142992,0.180058081
0.142376706,0.13118454,0.142719531,0.13817352
0.145056756,0.149772508,0.14536165,0.151342659
0.218362611,0.171187619,0.22815157,0.19846668
0.205977706,0.18240046,0.205118757,0.195576835
0.166567851,0.144954994,0.169115754,0.155426853
0.178695375,0.164853751,0.179803847,0.175367095
0.158300082,0.147400481,0.158393253,0.149910031
0.150272522,0.142477842,0.148538866,0.146769171
0.10300193,0.11077759,0.102488563,0.108278978
0.106123283,0.115787968,0.103528971,0.110539357
0.090212958,0.10022183,0.088158973,0.094478296
0.107175217,0.113027299,0.105612384,0.109643399
0.108302599,0.103303279,0.106862997,0.104822731
0.108832645,0.11051205,0.108579581,0.111364082
0.158628818,0.143938361,0.160994777,0.153405318
0.119976329,0.116474048,0.123673326,0.120400946
0.26124021,0.239212905,0.263745394,0.254037632
0.138278433,0.110308744,0.136670279,0.122202858
0.109403442,0.110986083,0.11331734,0.112676354
0.140138041,0.129107389,0.143439877,0.135170887
0.128014192,0.117432046,0.12842876,0.127202516
0.135417655,0.124516092,0.13836985,0.130694161
0.160942844,0.155808976,0.163503806,0.16090622
0.155798396,0.134516771,0.160075878,0.148481568
0.233613688,0.222157271,0.237879776,0.228766668
0.107102612,0.103435098,0.107361553,0.105673013
0.148489393,0.145303116,0.147386762,0.14974721
0.105761048,0.105492833,0.104150126,0.103353386
0.101947072,0.101737495,0.09999422,0.104186937
0.142580317,0.125669816,0.14916453,0.139035695
0.203792712,0.164083336,0.205072995,0.180080842
0.22378827,0.187927892,0.225045222,0.202095803
0.113045803,0.109111789,0.113820512,0.113649118
0.101169097,0.103911268,0.098251759,0.101151071
0.119553916,0.115008783,0.120516981,0.119103121
0.154905958,0.152670599,0.15757667,0.156502206
0.104898894,0.105770512,0.102778224,0.107874567
0.11076236,0.11071425,0.109493019,0.110249376
0.124459311,0.104917155,0.124759572,0.108366727
0.222781166,0.204493517,0.226306998,0.215781122
0.092956517,0.094806638,0.089989612,0.094052024
0.087397095,0.099385401,0.086391596,0.092393666
0.102925836,0.109568775,0.100072438,0.104571327
0.114761805,0.126110255,0.113332701,0.11795519
0.16576144,0.167554555,0.161069099,0.167197408
0.082956737,0.102989045,0.07865705,0.087910472
0.180900819,0.143516514,0.183147194,0.155597972
0.164191897,0.152311573,0.16750373,0.163429831
0.082970569,0.097986785,0.079942397,0.088629811
0.088611911,0.101753799,0.085138712,0.09433835
0.085338153,0.100720648,0.082137707,0.091451522
0.085853987,0.100884046,0.082498365,0.089506399
0.084231951,0.101302479,0.080769548,0.090570137
0.082633365,0.094423453,0.080917069,0.085940455
0.197132134,0.17978241,0.195480357,0.188935075
0.11940444,0.117783897,0.1188555,0.117696876
0.09308755,0.096424165,0.093222461,0.094487625
0.09608647,0.102871046,0.095079172,0.099164751
0.138470932,0.146663821,0.136558458,0.142750362
0.121778793,0.128960728,0.119852953,0.125103722
0.127387048,0.122512124,0.126765412,0.117962905
0.183819164,0.147180039,0.194209499,0.174940398
0.207249064,0.167393739,0.219243827,0.190755591
0.241280373,0.227233137,0.243553191,0.244482091
0.105635878,0.116520982,0.104505888,0.113200234
0.123364898,0.128271883,0.120194774,0.125421522
0.137085868,0.142586429,0.135234172,0.140491234
0.224378862,0.190951877,0.230387698,0.21568437
0.145771055,0.121196313,0.147722287,0.138609279
0.148527598,0.124605167,0.154196951,0.140468104
0.137096172,0.119120016,0.139571397,0.131112159
0.167316018,0.145624605,0.171871492,0.165190665
0.204852829,0.192286517,0.205701773,0.206961048
0.168454484,0.152374536,0.171501965,0.163898997
0.152942418,0.146382388,0.153379733,0.151108024
0.112005227,0.108446148,0.1131759,0.115273794
0.101479133,0.098124197,0.10053826,0.102417452
0.130786962,0.113452334,0.133255746,0.125346526
0.170793327,0.142951217,0.172630898,0.157920913
0.169083757,0.135054849,0.173870025,0.156498528
0.189174465,0.168349322,0.193609429,0.178657592
0.195347972,0.175219627,0.19678608,0.183908518
0.194733189,0.186695594,0.193121976,0.188556002
0.19026568,0.198160102,0.182143491,0.189392876
0.114843419,0.120675506,0.114641419,0.117042589
0.13236789,0.139935157,0.128439045,0.1372714
0.119512783,0.128904707,0.117795924,0.126651871
0.119715396,0.126229811,0.115997991,0.125304814
0.125749909,0.14057768,0.12080259,0.132744215
0.115994883,0.126332251,0.113751918,0.117083699
0.129375681,0.126560486,0.130909244,0.129694631
0.103706291,0.125252495,0.100481504,0.105595455
0.162650532,0.168532058,0.164780794,0.175850486
0.159464617,0.168415793,0.158652038,0.159964959
0.113865049,0.141829574,0.108552934,0.116166496
0.1206593,0.126014601,0.113032288,0.121746057
0.15914772,0.155268948,0.156217954,0.154729976
0.141475042,0.182048709,0.138640043,0.147554171
0.120520401,0.119491935,0.112437955,0.122411253
0.195297753,0.188257643,0.193922694,0.197208786
0.144821555,0.149064394,0.144010539,0.152074275
0.165104758,0.163602484,0.160058668,0.172411492
0.196920183,0.209108635,0.189364236,0.205983444
0.153786785,0.150475367,0.152200784,0.158925595
0.206423707,0.196541994,0.204135992,0.210348011
0.14026358,0.123523252,0.143827047,0.137129042
0.103133518,0.114109011,0.101460723,0.101458541
0.158869192,0.143505153,0.16038542,0.153321996
0.181968979,0.146705502,0.175749879,0.1590673
0.169043418,0.145671338,0.174333801,0.156347984
0.165670514,0.14122575,0.169876528,0.155603735
0.155225132,0.167157533,0.155105948,0.15605771
0.108236461,0.10867234,0.108368968,0.103035045
0.107487381,0.111274444,0.106970756,0.106784346
0.129093816,0.11043024,0.132603071,0.121285073
0.108290796,0.10773707,0.115361844,0.116840344
0.115443028,0.117100735,0.120255323,0.124598638
0.122727162,0.111463753,0.118870399,0.123094905
0.125322258,0.113858765,0.131916725,0.129072041
0.13044975,0.136674441,0.129002282,0.134351852
0.163840869,0.162325152,0.163769209,0.164894428
0.220007187,0.214184032,0.222577786,0.212762456
0.147007966,0.146746805,0.148630706,0.147506219
0.118121092,0.123135311,0.11782372,0.123103897
0.125401834,0.135497749,0.123225768,0.129652425
0.180773456,0.173806573,0.180473309,0.179017741
0.10259366,0.123800766,0.100369691,0.104661967
0.162208409,0.14937521,0.15893198,0.164195876
0.183065136,0.141121162,0.188865397,0.166164501
0.101805738,0.12458768,0.100105315,0.105051734
0.10985641,0.126240015,0.105294318,0.11295784
0.211660427,0.198725253,0.20913628,0.197723163
0.099247485,0.115171442,0.102509399,0.104974447
0.163800657,0.163512524,0.164655457,0.166120271
0.14482636,0.168005471,0.139652153,0.146140112
0.136512652,0.14411699,0.133371491,0.136408544
0.158332886,0.166973701,0.151351669,0.156696822
0.133428133,0.165278317,0.133502292,0.135482621
0.16531555,0.166911752,0.165656324,0.164618326
0.195894427,0.195245188,0.197778376,0.197822398
0.21587957,0.236926275,0.217293608,0.22177545
0.207149204,0.2229574,0.211196669,0.214625919
0.21949917,0.216850563,0.225945427,0.225203158
0.209829848,0.213382036,0.212369872,0.214884318
0.195305321,0.216076107,0.200789817,0.201108474
0.078190651,0.075803028,0.078119346,0.074631967
0.15375755,0.139188007,0.154198361,0.146233864
0.171738749,0.15662615,0.170848845,0.159759532
0.118926814,0.110517317,0.127300542,0.122284483
0.100455311,0.107126763,0.114021549,0.125355021
0.21730959,0.184390851,0.219443926,0.205426091
0.221363342,0.186458178,0.224245201,0.208547289
0.196080273,0.178383212,0.19372886,0.194055473
0.19599191,0.177002523,0.198155046,0.191339765
0.226046172,0.176921804,0.233542213,0.210672635
0.201219696,0.18378726,0.198883905,0.193347357
0.212770991,0.185579842,0.21553935,0.202856003
0.159279892,0.146213822,0.163819622,0.153994988
0.194719097,0.174279065,0.197614326,0.187446435
0.115370368,0.115030276,0.114719242,0.11870306
0.117665788,0.121434044,0.115319412,0.121738688
0.115427374,0.11207415,0.113579002,0.11790173
0.134750506,0.146860082,0.130759288,0.143138281
0.180646082,0.173896355,0.183256889,0.179865388
0.159532317,0.145958926,0.163554941,0.15609751
0.134730232,0.126743976,0.139172278,0.133631614
0.154454244,0.145621072,0.155357236,0.152862131
0.171109345,0.153179218,0.174502102,0.163910781
0.202299278,0.199308903,0.202376784,0.192572105
0.127787702,0.115832256,0.126716081,0.120621496
0.128453285,0.116509756,0.12952653,0.121345718
0.134480845,0.121030531,0.13292739,0.126623041
0.127200111,0.119632911,0.126223002,0.124445172
0.124963643,0.118770669,0.126133784,0.120478288
0.164337272,0.14852218,0.152990167,0.162620234
0.173017569,0.151581595,0.158595409,0.166647878
0.135428839,0.128496629,0.129158401,0.131559129
0.133127004,0.119154645,0.132362641,0.128855467
0.148974765,0.133993956,0.147809936,0.142953763
0.160129655,0.148245386,0.15957497,0.154576782
0.162012654,0.143952708,0.161346825,0.150844119
0.150836583,0.128914918,0.154177346,0.139540188
0.130235588,0.119037065,0.128574754,0.126302271
0.137866822,0.1269249,0.136220763,0.131813521
0.136517163,0.119769395,0.137839783,0.128877011
0.142243539,0.124746731,0.144535093,0.134786897
0.143163176,0.128900896,0.146003466,0.136518481
0.128198008,0.109403092,0.13107901,0.120219832
0.153933653,0.13476833,0.154366317,0.14801198
0.08246152,0.093661269,0.080435457,0.102669594
0.081468554,0.086743569,0.08862797,0.117012386
0.077602533,0.083299969,0.077507958,0.098748304
0.09178593,0.102409038,0.090148332,0.113953525
0.13610905,0.135799964,0.137443276,0.147686976
0.096689493,0.106519169,0.090464177,0.105331581
0.067817523,0.082485217,0.069565368,0.087936706
0.057416344,0.085052465,0.047895989,0.066933451
0.078766414,0.074535539,0.080524067,0.111221251
0.086813279,0.093721872,0.083448587,0.112609428
0.102479244,0.112361437,0.09670637,0.124082877
0.122516783,0.11436038,0.12200251,0.12660013
0.124363027,0.12655449,0.127131839,0.145988037
0.124277661,0.134391291,0.125412105,0.139129739
0.097920841,0.105869256,0.097211873,0.107817497
0.200875451,0.185811328,0.196541532,0.19716751
0.15076649,0.141633132,0.15000114,0.146466907
0.179024522,0.152452992,0.181413584,0.157416198
0.161919773,0.154542749,0.156579526,0.147666051
0.183835731,0.148426544,0.184504246,0.156373481
0.173282042,0.143240226,0.173613693,0.160497237
0.131027764,0.11810679,0.132688097,0.127247666
0.144265239,0.13917237,0.139746114,0.141686141
0.107486586,0.095810011,0.109266166,0.103266474
0.214916968,0.209472764,0.209708243,0.21266864
0.164473941,0.155051166,0.163250878,0.161646851
0.17269081,0.163420114,0.170050353,0.167327251
0.165802954,0.146738827,0.163977388,0.158532593
0.183977393,0.175091881,0.179698085,0.181043665
0.164545603,0.15632238,0.161338283,0.160449394
0.12306403,0.111567652,0.123852539,0.117317225
0.143076563,0.146007652,0.139354161,0.139292832
0.123289474,0.117482077,0.115957996,0.119569354
0.090821951,0.089105005,0.075643719,0.124331359
0.096210817,0.098859496,0.090998356,0.106519613
0.110852093,0.100469376,0.118498462,0.111775682
0.105893257,0.099908601,0.116808856,0.117865271
0.112111802,0.107770768,0.12464545,0.122018859
0.08683631,0.097207165,0.078254584,0.093525298
0.108007329,0.102669576,0.100716092,0.113273749
0.108685269,0.103885675,0.103514498,0.108760304
0.096009045,0.110077292,0.091218898,0.100832916
0.084618159,0.095184717,0.080659641,0.087872187
0.094640291,0.099089493,0.090810373,0.095105829
0.110835467,0.122217143,0.105187144,0.11323781
0.102177081,0.108517629,0.09983897,0.104157244
0.125704375,0.133063978,0.123992229,0.130652857
0.113056978,0.113028096,0.105302372,0.101513147
0.088876331,0.093960047,0.086340002,0.089720364
0.0981146,0.101714764,0.092152606,0.094495876
0.144320697,0.142445799,0.142812824,0.142264038
0.1558848,0.158676516,0.157832977,0.154804462
0.207840696,0.210870676,0.205486794,0.208995929
0.121137593,0.119314791,0.120591794,0.120203286
0.126613871,0.129198161,0.123519544,0.12860673
0.110557486,0.124073471,0.106171838,0.113932437
0.156048815,0.150833737,0.153387948,0.153571822
0.140908583,0.127425322,0.137468811,0.14040307
0.133089103,0.150570334,0.125114139,0.141047643
0.196889199,0.19391448,0.193461977,0.193343037
0.168851005,0.165461207,0.163741454,0.166063928
0.158988748,0.14311586,0.158006539,0.155900691
0.181966716,0.17725444,0.17885338,0.179817949
0.194671584,0.192504779,0.192223975,0.194682898
0.142629018,0.148239676,0.141529889,0.14491056
0.118072276,0.104373561,0.119148878,0.111514108
0.13413579,0.126804589,0.133314949,0.136560908
0.15736284,0.148432995,0.156875101,0.155397198
0.112854295,0.110590645,0.111752746,0.110956833
0.182527526,0.181968256,0.178377803,0.186793372
0.225963886,0.230027716,0.218405051,0.22707622
0.159710301,0.15241224,0.157338906,0.158992709
0.138587086,0.135859842,0.137480708,0.140112346
0.130992581,0.135108259,0.125429842,0.134983147
0.093370298,0.106750808,0.088600996,0.096210467
0.131352574,0.133855751,0.135356145,0.135325915
0.220659231,0.227914026,0.215319742,0.226289363
0.178178461,0.176635368,0.177226335,0.176305154
0.130035828,0.124851494,0.145007555,0.141729566
0.131213822,0.124868199,0.128043374,0.124091803
0.174899646,0.170234804,0.172753073,0.173102227
0.129223843,0.117937193,0.129901454,0.126501289
0.147606118,0.147007979,0.150695732,0.155693964
0.153627868,0.151613265,0.149798312,0.150692991
0.155749551,0.166187095,0.155213035,0.158909219
0.127447687,0.130638047,0.136271785,0.139330184
0.130219069,0.133228887,0.129809621,0.132267557
0.165541856,0.169529644,0.166040692,0.167653199
0.12422771,0.131444848,0.122674534,0.125712847
0.157838097,0.153529321,0.158809497,0.160656274
0.12246619,0.134489256,0.120327048,0.131245498
0.158770865,0.141605645,0.164042863,0.153907528
0.113621135,0.122706413,0.114097649,0.11915572
0.137869704,0.137189458,0.138605728,0.138079527
0.171206476,0.172213555,0.17299407,0.171895318
0.196058905,0.19497605,0.203609328,0.199621517
0.204596177,0.200053015,0.210340201,0.200837973
0.202030509,0.19200575,0.20797058,0.205809383
0.182546694,0.184156362,0.186808599,0.181741393
0.149966255,0.138106468,0.148913008,0.140603901
0.129396713,0.123959739,0.128711826,0.123645464
0.136963434,0.12850479,0.139281842,0.132930516
0.129349874,0.109482022,0.1304519,0.12165222
0.110619472,0.129668287,0.106541262,0.115328408
0.150706965,0.131736189,0.158034196,0.144743875
0.155858236,0.174167563,0.152704276,0.161410015
0.093267229,0.10408468,0.093007836,0.093854257
0.115461702,0.132049609,0.109040416,0.120978928
0.121799268,0.121231585,0.12315944,0.120498109
0.129377466,0.121209143,0.129588124,0.124344137
0.208365333,0.207961281,0.211197393,0.214052717
0.19121506,0.169664738,0.196417137,0.193732054
0.127816843,0.126360055,0.127070821,0.128049291
0.170747967,0.185794592,0.165644572,0.176105838
0.15879946,0.153350763,0.160755725,0.155572958
0.199254428,0.203579622,0.199833646,0.210241386
0.191336713,0.191062395,0.200568363,0.196274317
0.177722289,0.178059537,0.174135474,0.183228211
0.114807434,0.125087361,0.110786743,0.115006118
0.107513181,0.120213229,0.103247002,0.109673829
0.133289445,0.145657301,0.129852314,0.137097507
0.07677613,0.081363995,0.075145705,0.076537365
0.179438154,0.169550232,0.178345855,0.178467537
0.187253389,0.181573626,0.184572293,0.18979908
0.166368352,0.177879631,0.16186814,0.171889371
0.188344505,0.184813358,0.188665813,0.186325595
0.146131228,0.141190577,0.145799939,0.144933255
0.128868808,0.120584426,0.130757397,0.126728786
0.22801997,0.21914455,0.226346808,0.213561223
0.164830834,0.171953085,0.162192726,0.15672253
0.181574152,0.216819096,0.184243219,0.183535824
0.132065754,0.132677467,0.129852771,0.133407398
0.19607268,0.181553668,0.19598997,0.187339017
0.209166538,0.192938415,0.207088781,0.195096128
0.157326076,0.14671267,0.155329715,0.157106537
0.116731902,0.121397354,0.111934702,0.115815921
0.172869143,0.165229402,0.174313679,0.167973388
0.177867549,0.16474087,0.180729905,0.179480365
0.112947424,0.123738961,0.107306903,0.116083012
0.100315482,0.112926634,0.09592127,0.107295314
0.199068185,0.192955808,0.203082209,0.198333588
0.168158095,0.158234702,0.172368421,0.16324899
0.105165572,0.108326565,0.100297085,0.108631556
0.231445112,0.221621644,0.235290287,0.23452686
0.139211465,0.157904667,0.135932142,0.142029122
0.107740744,0.10323464,0.106338755,0.108820382
0.122993743,0.120825119,0.121036748,0.121704398
0.109713472,0.124006056,0.104785128,0.115872962
0.095243669,0.096605414,0.093403359,0.095884712
0.104281322,0.103691257,0.102419174,0.101547441
0.220470252,0.197043933,0.221154225,0.205091681
0.222435735,0.198396377,0.225636561,0.206579801
0.152024757,0.165618093,0.150281794,0.148697859
0.200871523,0.207073419,0.186409328,0.20352813
0.225359621,0.217690487,0.224303659,0.223286891
0.262231642,0.261145999,0.257628938,0.254353689
0.179936695,0.163636852,0.183404147,0.173364083
0.151793089,0.173276448,0.153154826,0.154907638
0.18058022,0.225860976,0.170800503,0.184402889
0.18010082,0.196761952,0.17304179,0.184857171
0.212339895,0.189123299,0.21672115,0.198868418
0.242665477,0.210008968,0.232293143,0.234968492
0.209395401,0.19325968,0.210459217,0.22063593
0.201001477,0.226421514,0.189983002,0.208851172
0.15395189,0.176668449,0.150572528,0.159520035
0.246153308,0.205683604,0.248221509,0.228196899
0.20759784,0.240670611,0.199554324,0.218947208
0.148401121,0.144552692,0.145828473,0.14565435
0.140082576,0.136883649,0.138560133,0.138136362
0.170494712,0.163217112,0.169343086,0.162942983
0.196053602,0.182749931,0.195012353,0.191714946
0.210178063,0.207254971,0.213323387,0.210309957
0.155697165,0.14498943,0.156001065,0.151352702
0.19678705,0.193845771,0.205175921,0.203758147
0.187042814,0.174554734,0.189444077,0.178344603
0.146426553,0.131778642,0.147123974,0.137477361
0.154806328,0.150918736,0.150220653,0.148982299
0.137722908,0.126057265,0.137864348,0.133699553
0.12010756,0.114989768,0.121131754,0.115748988
0.163009524,0.159143909,0.138069608,0.159899781
0.067667945,0.098322516,0.062927346,0.075404091
0.098218663,0.100363219,0.095412214,0.098411345
0.118666998,0.117363833,0.118753608,0.11657609
0.132816151,0.12694349,0.129355851,0.130381906
0.149302354,0.149687512,0.147753181,0.152574619
0.130783175,0.139022804,0.130755197,0.131037271
0.071729721,0.084105947,0.07661588,0.09737139
0.070002325,0.074503926,0.068686693,0.098340484
0.026808562,0.09547238,0.022297707,0.032604636
0.097641168,0.094389039,0.092744082,0.117539395
0.132182434,0.12751819,0.127775253,0.145271682
0.106129189,0.118160089,0.107157471,0.135071956
0.118206793,0.119459202,0.109083852,0.113472282
0.123733604,0.112853677,0.121925464,0.121618288
0.128327431,0.114544864,0.12947854,0.123889783
0.138847596,0.149753345,0.138238459,0.147476186
0.13547467,0.122800584,0.136607443,0.128585349
0.063278625,0.063297498,0.047583567,0.089617388
0.065505577,0.06728729,0.063534246,0.098447443
0.058004462,0.067515079,0.050629885,0.092304481
0.094658149,0.098559937,0.083886833,0.104173202
0.06314576,0.053102592,0.067934772,0.056710411
0.051107671,0.09089534,0.044875495,0.056950732
0.048365539,0.059651501,0.049482708,0.051569323
0.063676498,0.106801683,0.061917128,0.072740659
0.083019896,0.085065257,0.081967172,0.096917039
0.10906676,0.102451016,0.114994468,0.111081831
0.052694954,0.055189966,0.027930736,0.065411612
0.051167691,0.041414497,0.027464457,0.061370573
0.055495129,0.055679174,0.029015786,0.069226342
0.199090738,0.217185594,0.196328679,0.208899061
0.191407377,0.206984136,0.178060725,0.204640764
0.127942882,0.108377898,0.128768382,0.124782241
0.139633861,0.13249282,0.144432418,0.144017101
0.181835179,0.186752497,0.178265415,0.188614639
0.177734499,0.177113809,0.17478891,0.178587882
0.28167376,0.286286764,0.272467019,0.28471599
0.292747622,0.248975098,0.294580977,0.243701121
0.318320348,0.271879131,0.317223052,0.270595438
0.087925947,0.102926394,0.086229594,0.088047991
0.114004727,0.122609676,0.128722798,0.135077025
0.033362957,0.080544942,0.025740228,0.041831731
0.064924462,0.084992368,0.054536151,0.07757504
0.105327609,0.107169095,0.103873039,0.120092463
0.117315766,0.119975548,0.126117153,0.129602764
0.136274731,0.121882808,0.146442651,0.138641005
0.109964898,0.105722819,0.098105516,0.123851043
0.12390166,0.118340761,0.114787082,0.12352117
0.162502281,0.157345651,0.162325124,0.154940062
0.128288356,0.121938234,0.125231461,0.125530392
0.199644721,0.20760505,0.193892689,0.198717937
0.127577292,0.149739118,0.130535538,0.137906103
0.129396419,0.150759487,0.131201929,0.135849228
0.140239307,0.14429442,0.138084801,0.143342207
0.152000598,0.15317374,0.155274765,0.156177953
0.224236543,0.211276928,0.227326569,0.225933512
0.130717476,0.12702517,0.12980527,0.129840515
0.117007893,0.106606223,0.116428757,0.110292951
0.125590329,0.115990084,0.123995894,0.121296134
0.142726263,0.143619134,0.140569082,0.140678625
0.12299654,0.120332207,0.123227052,0.121655884
0.130774012,0.123937813,0.129432667,0.12433606
0.141376123,0.1355451,0.139774846,0.136746512
0.12476956,0.117654502,0.124429589,0.116802855
0.123273513,0.11362677,0.123553097,0.11709425
0.200572331,0.192671052,0.204621291,0.194355477
0.161008374,0.163467382,0.158860126,0.159794894
0.112833414,0.106268961,0.112539184,0.108713886
0.14901735,0.146388199,0.147613688,0.149485489
0.133010317,0.137822905,0.132163035,0.133907477
0.155355191,0.140731562,0.157048888,0.153470484
0.170397009,0.170869483,0.167046888,0.169246057
0.163215213,0.163295967,0.159266034,0.162822961
0.174234906,0.171426883,0.172913492,0.171562734
0.133487112,0.131698214,0.133949864,0.129028693
0.154298586,0.145026649,0.153727159,0.150065463
0.182360797,0.188030186,0.181762061,0.188297452
0.194141431,0.176942175,0.198442063,0.19132912
0.195066551,0.179157473,0.192495285,0.181837775
0.220683146,0.204563369,0.227525798,0.217509982
0.189376279,0.178563509,0.196194899,0.189595884
0.205410545,0.195028655,0.206784649,0.205151179
0.152507624,0.149573621,0.153924676,0.154986301
0.124119598,0.122923216,0.12508861,0.124230299
0.164222482,0.164037319,0.164277189,0.166577933
0.135738294,0.13235818,0.136877679,0.136629533
0.124473649,0.131590203,0.121610989,0.126158982
0.160209146,0.142802699,0.160641615,0.153942394
0.111726567,0.114785448,0.107999622,0.113868557
0.194346553,0.183051519,0.195273733,0.192243259
0.144795772,0.138740228,0.146142341,0.148018287
0.139143908,0.127715998,0.140831617,0.136688057
0.151237854,0.155905179,0.150466576,0.151542468
0.152400828,0.151564773,0.148829484,0.151839902
0.138875684,0.132877356,0.137772258,0.138244907
0.166512291,0.146630084,0.166034346,0.158223236
0.147911373,0.135731066,0.146200476,0.141569671
0.175420018,0.166809583,0.179352084,0.174973476
0.165001533,0.170335761,0.161941302,0.157898701
0.183654825,0.180254911,0.182899486,0.177990564
0.157693936,0.149907995,0.158642326,0.153050234
0.117070013,0.129866621,0.115599613,0.121303178
0.218534095,0.226641917,0.213962305,0.218456909
0.148797509,0.155543461,0.144610965,0.150193351
0.158809549,0.158306027,0.160616519,0.159439307
0.141920845,0.137870857,0.142583943,0.142310132
0.133622474,0.129415804,0.132814189,0.131883509
0.148129322,0.133832191,0.150184275,0.147978676
0.168155921,0.153213933,0.170608233,0.16240488
0.252188839,0.211812179,0.254996298,0.233231057
0.114244247,0.124618234,0.10990333,0.118697167
0.280541183,0.336800232,0.267156966,0.290345114
0.24321765,0.209025801,0.245354296,0.229718517
0.119958395,0.115485668,0.116711385,0.115071144
0.121435642,0.110759149,0.119045682,0.110228159
0.193948616,0.180482761,0.195453968,0.194403246
0.20336962,0.185319599,0.202996451,0.193276315
0.206880969,0.204430975,0.210825914,0.214863975
0.137161895,0.12845225,0.141640472,0.135321477
0.189158976,0.166875212,0.198889912,0.189153779
0.176765869,0.156140152,0.176546449,0.162056788
0.126447274,0.123697649,0.124347383,0.124195001
0.161171179,0.179057596,0.171037324,0.177644399
0.200254694,0.176087881,0.194033772,0.178412525
0.122758948,0.11481032,0.121933337,0.116968374
0.110890445,0.124069668,0.11242154,0.110523361
0.099663815,0.125901549,0.089891826,0.107786807
0.127983432,0.116155734,0.127740766,0.122122003
0.230023345,0.182906189,0.242661833,0.214116697
0.350010508,0.322219462,0.361356907,0.345263135
0.228613003,0.243206664,0.218125337,0.237672987
0.314267847,0.334397859,0.308001022,0.322034596
0.27021729,0.254672695,0.272969593,0.272823986
0.380680576,0.383964673,0.379150135,0.387582318
0.255644468,0.231328952,0.25852764,0.245870168
0.33532129,0.36047094,0.329248319,0.350569903
0.141854333,0.129176517,0.140829559,0.134587497
0.222819428,0.215168331,0.22256198,0.220935799
0.327913971,0.293999507,0.330693634,0.316767883
0.294372413,0.274660447,0.295367189,0.290934848
0.290867774,0.304304647,0.290228153,0.298817456
0.23828133,0.249963828,0.234465164,0.244267251
0.234995184,0.247159462,0.226208559,0.23907043
0.281567583,0.279139947,0.281955313,0.285721254
0.20295448,0.20268014,0.205838974,0.204429181
0.266886522,0.246163193,0.261187103,0.248947249
0.224492758,0.224326925,0.220596433,0.209643338
0.180024334,0.167118259,0.181146903,0.173161487
0.13367267,0.13372559,0.131506571,0.124932479
0.131514663,0.142162111,0.128269785,0.141798983
0.140367426,0.151094943,0.137341669,0.150747169
0.111414461,0.12566758,0.106470419,0.119039861
0.07624831,0.088248726,0.070753142,0.080941775
0.100552401,0.101916493,0.096752055,0.10319177
0.114091265,0.115297822,0.109073339,0.11178588
0.097836825,0.104876257,0.093676684,0.099856255
0.164290986,0.161666231,0.160706087,0.160080922
0.097434376,0.09809318,0.094044963,0.099887864
0.074175675,0.089987719,0.069460345,0.082242084
0.102176998,0.103764589,0.098143344,0.103473511
0.081385982,0.103305161,0.076502353,0.089482476
0.109046074,0.107977185,0.105647147,0.105575704
0.106833344,0.114843828,0.106457703,0.112148124
0.077837023,0.08080404,0.076311758,0.07893456
0.115621798,0.110482083,0.109383067,0.101369177
0.074063793,0.07916776,0.073707733,0.075566092
0.086845519,0.091205933,0.084647478,0.087245761
0.111152548,0.107739559,0.111634725,0.105313604
0.058623453,0.079430621,0.053589494,0.065653799
0.110749243,0.105378136,0.112181731,0.109320189
0.129030536,0.134928311,0.128585576,0.136551522
0.132285118,0.127752378,0.131958575,0.129552555
0.12514436,0.130367687,0.122045663,0.12465405
0.15720974,0.126254677,0.162045793,0.137703414
0.164244734,0.129407797,0.168561229,0.142349619
0.124584862,0.10194166,0.125017849,0.107410107
0.185264225,0.140994968,0.188273435,0.154521781
0.138695719,0.148284599,0.142456825,0.148771538
0.113994577,0.105394345,0.109127226,0.100894437
0.206285788,0.197906369,0.213640281,0.20567815
0.186160157,0.18457994,0.185716425,0.186824321
0.095988276,0.102404975,0.09524492,0.092864606
0.102873521,0.098005713,0.103644688,0.097953923
0.121896477,0.122344583,0.119693583,0.109089895
0.125522347,0.150841856,0.117809544,0.134772175
0.135232017,0.121636829,0.135852448,0.120293692
0.183579425,0.161810442,0.180630512,0.164889465
0.153766171,0.177163878,0.149274464,0.16221478
0.142334363,0.134361842,0.141180378,0.131495046
0.149132099,0.131747553,0.147127457,0.132710105
0.161057024,0.156431631,0.16582615,0.154091936
0.127012676,0.139517438,0.122016558,0.12657687
0.111246467,0.120555981,0.112331925,0.110053838
0.213523146,0.199166844,0.211549973,0.183325957
0.126787971,0.149225907,0.119330128,0.138409772
0.126377245,0.130870337,0.125450287,0.115213222
0.143584343,0.12574112,0.147362811,0.129808404
0.119311039,0.142197455,0.112372454,0.13002078
0.131356453,0.121340479,0.130855065,0.11999979
0.205256803,0.221751725,0.20337146,0.211725498
0.153004393,0.142632453,0.153240426,0.141688942
0.103308345,0.109125721,0.100179455,0.102931681
0.12687615,0.118527998,0.126680175,0.116271791
0.133464812,0.114520095,0.132232066,0.114893947
0.152502755,0.155488825,0.149394847,0.155283814
0.146412083,0.15458389,0.139440845,0.151561751
0.148960861,0.161460198,0.144642331,0.156441552
0.172767996,0.155487163,0.173860505,0.164650583
0.256330193,0.247910819,0.259237763,0.259360846
0.221328114,0.236051922,0.215959385,0.230887663
0.177711127,0.168862273,0.175259616,0.18378461
0.136703997,0.154400487,0.132367433,0.145299558
0.155706677,0.170866608,0.154037056,0.16573446
0.299813762,0.314724118,0.295183449,0.309237655
0.115990126,0.129320304,0.112682741,0.121189027
0.177166721,0.178255757,0.177028608,0.181056031
0.20074521,0.194184823,0.202496804,0.202997454
0.184305786,0.181804259,0.187525456,0.187088249
0.305002613,0.29021167,0.307718167,0.299166082
0.225607818,0.243590709,0.216187683,0.217516479
0.223063804,0.208650239,0.216438259,0.189847602
0.165827386,0.167674221,0.165294209,0.174657113
0.131358502,0.15007214,0.122865612,0.131436597
0.308758994,0.331031283,0.301427226,0.321094619
0.172053358,0.161642183,0.175739917,0.167487016
0.183950017,0.181424024,0.186792735,0.179968423
0.230845993,0.20745582,0.227605233,0.211653581
0.232957043,0.203951306,0.229291642,0.215647045
0.241389771,0.21516445,0.243393625,0.231112312
0.217586242,0.1850062,0.221115638,0.203755898
0.144702085,0.149455679,0.139960758,0.149137901
0.151384505,0.162800661,0.146173783,0.158499689
0.147362779,0.143430655,0.147130256,0.148430729
0.153294433,0.150653753,0.149864996,0.153052231
0.150053286,0.151443225,0.150523223,0.154503216
0.193534701,0.205723828,0.185467909,0.199901468
0.248613312,0.239341002,0.242760287,0.236468594
0.164602408,0.169095444,0.163533102,0.164998358
0.120808636,0.122732188,0.114799375,0.123734126
0.121207228,0.112422872,0.113124745,0.127430015
0.123363122,0.132014608,0.119563577,0.124927037
0.17627081,0.166232203,0.167368399,0.180937312
0.101575738,0.11427168,0.097516881,0.106875522
0.102512459,0.098252655,0.102419535,0.099714527
0.217966349,0.248746528,0.210381907,0.225441455
0.149372383,0.152148271,0.1479572,0.152121288
0.126671566,0.118995548,0.124065672,0.120557085
0.15932786,0.139802215,0.163600438,0.153516975
0.109266127,0.110435321,0.106949564,0.107903211
0.12401943,0.12443471,0.12358814,0.123505011
0.241588826,0.241869019,0.238097533,0.244056577
0.160358859,0.149777131,0.157216755,0.150844531
0.079560687,0.096773334,0.073521281,0.084632086
0.111664503,0.10724497,0.112445185,0.110285459
0.101845382,0.106595034,0.096784958,0.108007207
0.104348633,0.114857706,0.095549282,0.108343935
0.193587507,0.198858173,0.18896435,0.205007511
0.224047002,0.22403186,0.219674611,0.23112341
0.147454098,0.168157538,0.145811784,0.159021147
0.169808586,0.157467911,0.168662797,0.166680755
0.196611017,0.183749076,0.199449861,0.197953202
0.094580735,0.098596943,0.090246778,0.096690762
0.09024608,0.09478582,0.085703231,0.091473375
0.148918604,0.158097399,0.15049892,0.15620154
0.126112913,0.122348081,0.12353091,0.123491603
0.142617574,0.146627866,0.144398981,0.140038168
0.142860428,0.149708571,0.139363614,0.141524453
0.166467713,0.181171116,0.159120465,0.165777655
0.160526527,0.177465997,0.156615167,0.159838606
0.233921244,0.213184201,0.236109785,0.210584722
0.169602852,0.162450059,0.166956079,0.165328686
0.1498014,0.147324235,0.148976323,0.146085741
0.098993525,0.107285306,0.097889204,0.10259221
0.188705542,0.168210227,0.189603263,0.176641026
0.329067582,0.327280948,0.325669571,0.325166313
0.198253895,0.195623022,0.199020536,0.196458628
0.174384187,0.181702456,0.169013518,0.179245479
0.100785705,0.10101329,0.096853502,0.100217292
0.19863725,0.193499194,0.197437441,0.193148404
0.121308232,0.130502706,0.116377029,0.126888304
0.154273224,0.167019228,0.150408131,0.154549221
0.189702354,0.200154557,0.187357039,0.193033991
0.154938747,0.172231868,0.14871595,0.160877057
0.142691783,0.154079162,0.13788062,0.147789667
0.168002166,0.179048018,0.164468749,0.168726436
0.187423443,0.204484905,0.180748697,0.195068467
0.201360291,0.168367114,0.198958713,0.190972667
0.211609334,0.2040369,0.203794968,0.205591222
0.234844201,0.255789218,0.222394562,0.250511661
0.198444033,0.238385999,0.189666663,0.215046119
0.161293567,0.177974459,0.163040527,0.169278659
0.185177105,0.192622826,0.180978586,0.190896255
0.09221418,0.092615693,0.090491121,0.091330616
0.082748213,0.099053686,0.079648527,0.086722568
0.084209751,0.099335108,0.08083863,0.089055356
0.109791355,0.185871274,0.098103642,0.128606309
0.118291893,0.121469387,0.115807712,0.11914971
0.196954244,0.219644322,0.199491883,0.194937957
0.17157843,0.201422004,0.166143653,0.1728625
0.183909808,0.165662101,0.183423649,0.166618167
0.115616907,0.12462558,0.113254506,0.110613008
0.191814273,0.162480483,0.186319645,0.167454106
0.220899741,0.221579487,0.216186535,0.214367038
0.204978921,0.211474709,0.200200809,0.200591888
0.131132215,0.159763456,0.120843162,0.139010115
0.157508956,0.222333634,0.138897459,0.175384496
0.120164125,0.150918625,0.10922745,0.130824419
0.126030861,0.150890415,0.117355778,0.133255541
0.209989986,0.22195886,0.202884399,0.209117829
0.136664333,0.13861677,0.135244426,0.139437666
0.103314748,0.127448691,0.095929285,0.113370648
0.130419297,0.157830743,0.120681848,0.139456825
0.106126236,0.111279905,0.102429018,0.105617138
0.13252712,0.137484984,0.128584559,0.137161177
0.083971053,0.095718395,0.080362918,0.088369381
0.07281128,0.090389694,0.067746757,0.079277371
0.127745889,0.1347348,0.12721993,0.129807879
