jpeg-55,jpeg-75,jpeg-95
0.061125372,0.05382905,0.049855489
0.081550763,0.068895227,0.060562661
0.063774089,0.058478637,0.057244265
0.069315111,0.056395698,0.058455969
0.060495184,0.051086896,0.049814767
0.058234995,0.049162672,0.047793101
0.047589724,0.046269503,0.049311674
0.073033358,0.064921233,0.060916371
0.078017677,0.070577765,0.066280365
0.060575758,0.05334162,0.052600579
0.10076878,0.090542044,0.081949461
0.054456298,0.050423395,0.051363982
0.066960052,0.062136751,0.060377083
0.054131429,0.049111121,0.05048311
0.140530913,0.128423753,0.113153552
0.111516651,0.098694814,0.089707577
0.05297681,0.048399765,0.047342699
0.052117315,0.047216985,0.045384843
0.076058957,0.068796928,0.064506755
0.07550115,0.066255194,0.062578167
0.112775643,0.09650332,0.084723324
0.033149305,0.029409643,0.031281921
0.054258477,0.048448144,0.047383401
0.034310019,0.031508873,0.032782718
0.061069557,0.056979439,0.052169513
0.062648912,0.056722144,0.055061987
0.073166346,0.064365597,0.060878321
0.121909258,0.106073,0.096001561
0.06806914,0.061323737,0.061477624
0.052472599,0.046740329,0.048425281
0.09885695,0.086356986,0.082612528
0.075499058,0.06882742,0.067062873
0.063555953,0.057877524,0.058786006
0.045644504,0.042057341,0.043270925
0.090285626,0.07447401,0.067351638
0.044777532,0.04073085,0.040863743
0.038368669,0.034995014,0.037381487
0.06718983,0.066067721,0.065360989
0.166862615,0.147040748,0.134069256
0.143310308,0.133342624,0.119065456
0.10773937,0.103027852,0.099309333
0.084135584,0.0811866,0.088507423
0.080438861,0.074354153,0.07769863
0.137637411,0.129881605,0.121965835
0.097360372,0.094067376,0.093453538
0.065015024,0.061886284,0.058463473
0.227595832,0.207071454,0.16969572
0.091490169,0.087868806,0.0851764
0.098623335,0.091727261,0.087289794
0.084465707,0.080022431,0.073696488
0.182956123,0.169738482,0.151629375
0.183274832,0.159373441,0.130376739
0.200809032,0.172495743,0.139281609
0.177326169,0.164440876,0.158057741
0.081888452,0.080602377,0.080543442
0.12111157,0.112501652,0.099323095
0.109805864,0.104913515,0.104879871
0.145438825,0.137847319,0.141527116
0.091975575,0.08929048,0.092325946
0.108938914,0.099370006,0.088440913
0.080614962,0.075172196,0.06717683
0.085444451,0.078928828,0.080156309
0.131825944,0.120867918,0.107310613
0.088764045,0.084372123,0.077572822
0.106045183,0.102266648,0.096124102
0.097235662,0.094567263,0.091013163
0.10234432,0.092068963,0.089071177
0.056350976,0.052500804,0.051503193
0.067115901,0.06695474,0.069607127
0.107181783,0.093233339,0.086528399
0.158706516,0.144430646,0.135575133
0.147720209,0.136568477,0.138882254
0.133200935,0.124802176,0.124922108
0.143498685,0.138086361,0.138940476
0.067089153,0.060398579,0.05971177
0.160297463,0.13929909,0.125947244
0.117471187,0.10548923,0.100818772
0.034705552,0.031754612,0.037084456
0.06584727,0.059453154,0.058571018
0.053324397,0.042210789,0.045116263
0.108628395,0.107132255,0.119166679
0.058601689,0.055793825,0.057486246
0.075804869,0.069618993,0.066477985
0.033480701,0.031315755,0.032667024
0.035316427,0.033297676,0.032971297
0.032884783,0.030428527,0.031034524
0.05429743,0.048025213,0.045490449
0.046269905,0.042497384,0.041648861
0.054175555,0.050686198,0.049065848
0.074376051,0.067035637,0.062899256
0.043334747,0.038127925,0.036881004
0.075914465,0.068858808,0.060152182
0.048792812,0.045384141,0.046315523
0.051358665,0.049056369,0.048397496
0.034250748,0.03172633,0.031908848
0.036804114,0.034795559,0.035836127
0.042046607,0.039547075,0.040545689
0.055015955,0.051434413,0.047984418
0.044604457,0.041409622,0.041111643
0.05679194,0.049240237,0.046703417
0.085464619,0.070903172,0.061001674
0.082740261,0.075274484,0.067556148
0.099693947,0.083507809,0.068656913
0.091517326,0.079173939,0.064953556
0.093938136,0.081298036,0.072848321
0.085105992,0.073405837,0.066121072
0.073014939,0.064791446,0.0602581
0.09284696,0.079682946,0.070159896
0.101087553,0.085574525,0.073429397
0.078655827,0.070559881,0.059887844
0.071651611,0.060884024,0.054159523
0.088362283,0.0774409,0.066750289
0.066986629,0.060744874,0.055768479
0.109006936,0.098126047,0.083582347
0.092391206,0.080462124,0.070335793
0.092518811,0.084337738,0.073408263
0.092927006,0.080805265,0.070692625
0.058010978,0.052525431,0.047219731
0.093640749,0.076805034,0.06833162
0.056452043,0.049269914,0.044679271
0.124029056,0.104866775,0.085067657
0.10343168,0.089965229,0.079452586
0.101063485,0.091778725,0.081527496
0.11362601,0.094482383,0.08019979
0.129773096,0.107562884,0.091039569
0.110478318,0.095623149,0.085190902
0.131896673,0.111862702,0.092252953
0.085662143,0.074119825,0.060363198
0.090563896,0.074532527,0.060503917
0.076339801,0.066220713,0.059741442
0.09242911,0.080099306,0.065349264
0.053663495,0.046629694,0.040927133
0.052461166,0.046258194,0.041567275
0.042260051,0.038614866,0.04028191
0.04842016,0.04341746,0.039734655
0.071165611,0.058976381,0.053885707
0.067690446,0.05792915,0.051491013
0.075099217,0.065815924,0.055487081
0.061862491,0.055814087,0.049416807
0.086349199,0.075486542,0.06390036
0.055603361,0.048606238,0.046504761
0.040045933,0.038338403,0.038124837
0.068485368,0.060199396,0.053562031
0.0900879,0.079328368,0.06613815
0.112823462,0.090295492,0.072943089
0.216202113,0.188961552,0.153780806
0.107008089,0.086424936,0.073803583
0.082151695,0.068735046,0.058601299
0.079823508,0.072773527,0.069239093
0.081285466,0.072072607,0.066345077
0.066526537,0.059162154,0.053289814
0.076580971,0.066472187,0.057178394
0.074265754,0.067743401,0.058991979
0.082534508,0.073596593,0.064733175
0.08305324,0.072845301,0.06054734
0.07960889,0.070203524,0.06097651
0.067950741,0.05984832,0.052954876
0.064281806,0.056705812,0.049918432
0.074019209,0.060695727,0.053965988
0.051846975,0.048286029,0.045915836
0.042229415,0.037346301,0.037269502
0.056629379,0.050296646,0.046714876
0.057667619,0.053194126,0.048365778
0.052354721,0.047446298,0.04488978
0.05797649,0.051380858,0.045660932
0.052430763,0.046620961,0.042480263
0.104871536,0.089519772,0.075719115
0.084172937,0.074634602,0.067328563
0.089269214,0.078700297,0.070980952
0.101087229,0.088003098,0.072056801
0.090318693,0.075806504,0.067745876
0.112016642,0.094606264,0.076713263
0.098711659,0.085920394,0.075477492
0.050583626,0.046254547,0.044304262
0.07338151,0.059948444,0.051164028
0.111392139,0.100816988,0.092071787
0.076369596,0.067262365,0.060181825
0.05174327,0.046969817,0.046853038
0.047811403,0.043252391,0.041612773
0.107157242,0.093385777,0.07918592
0.098480094,0.086495457,0.072047344
0.076153557,0.066633783,0.060583788
0.0749065,0.065423969,0.056302543
0.062432473,0.0567972,0.052120765
0.123659259,0.0996056,0.079575403
0.114882185,0.096533895,0.08116874
0.078644543,0.070918125,0.060374844
0.052901072,0.047354222,0.044940339
0.056919995,0.052618972,0.049708051
0.064487569,0.06020129,0.056141128
0.066822248,0.062905376,0.057815482
0.083049874,0.071136595,0.060442024
0.103627376,0.094036755,0.084144651
0.040934642,0.037084677,0.037453606
0.047255235,0.042851732,0.039780034
0.063086254,0.056473742,0.049746007
0.050595538,0.045974649,0.043086442
0.040405984,0.03841701,0.038451674
0.035970611,0.032866819,0.033727982
0.028319661,0.024813514,0.024660528
0.038585593,0.033294585,0.031257282
0.099414109,0.083160307,0.06950077
0.062914475,0.056617014,0.04964866
0.053229665,0.048689772,0.044893553
0.060915221,0.053983168,0.049606243
0.08107255,0.080000372,0.081710901
0.081034773,0.078755728,0.082489881
0.093100559,0.08665559,0.088033069
0.049762195,0.046341379,0.046455246
0.103633803,0.091088558,0.090138099
0.076453836,0.072207049,0.070460698
0.112780976,0.10258907,0.102100068
0.085315031,0.076791352,0.081397273
0.080009124,0.074463203,0.072497806
0.050803348,0.04681355,0.046104687
0.059867764,0.057648507,0.057328277
0.054912731,0.050772058,0.051374877
0.056811268,0.051977622,0.05275463
0.095602854,0.087759523,0.08870832
0.100065538,0.089634469,0.08989871
0.123057643,0.109988248,0.104416176
0.141493044,0.133452256,0.135999153
0.129486911,0.120063273,0.119477699
0.149548651,0.137511476,0.136939747
0.09945755,0.09469125,0.095152928
0.097252902,0.089322912,0.091196404
0.145345871,0.131362737,0.132703054
0.152440288,0.139529623,0.140054691
0.150271921,0.138201833,0.1355121
0.147119488,0.140538889,0.139800777
0.085985132,0.079587904,0.08234753
0.080891805,0.076636558,0.080879369
0.083484709,0.077762632,0.080849543
0.10955304,0.10186205,0.110692501
0.102887552,0.092720579,0.092682489
0.090961843,0.083604702,0.090949565
0.111845706,0.10422077,0.113622169
0.197438298,0.16164688,0.13472749
0.112315585,0.095776588,0.086271854
0.079932761,0.074509624,0.072660198
0.048753436,0.047458339,0.048238057
0.054604793,0.05020383,0.05311846
0.08286276,0.077040314,0.076916007
0.100184869,0.098740799,0.105250495
0.181596478,0.159744271,0.137472468
0.095774601,0.089099022,0.080325292
0.263989865,0.239996331,0.214300922
0.227110074,0.198581148,0.182797003
0.315988529,0.281747659,0.246968035
0.106516935,0.10024062,0.09827479
0.152337161,0.137596607,0.12454517
0.0920114,0.089518221,0.091358524
0.132235103,0.120370219,0.108166426
0.098909924,0.088000844,0.088439038
0.179070879,0.157728074,0.131823
0.118339727,0.10928739,0.098661639
0.161857696,0.131912578,0.114335671
0.143989581,0.133815138,0.130596881
0.113481992,0.11159954,0.108115203
0.113796429,0.103836345,0.103418326
0.09791654,0.092348787,0.08779719
0.12105677,0.111526472,0.103945607
0.104673154,0.101565862,0.101245003
0.116174515,0.112061835,0.104495219
0.10487909,0.08802926,0.075149134
0.106960142,0.086681968,0.07126259
0.109085468,0.087609894,0.070502566
0.11375685,0.09298941,0.077220383
0.079626415,0.071808089,0.062552669
0.109821894,0.103427848,0.094763685
0.18331532,0.154849888,0.134075823
0.169975801,0.151328338,0.131279872
0.186487393,0.155224275,0.124208838
0.12810116,0.118886434,0.124269963
0.09327866,0.087165888,0.092419695
0.135668389,0.122911502,0.116396819
0.119386654,0.116117537,0.11645069
0.088083051,0.082648407,0.076075138
0.093145464,0.085785322,0.084788084
0.141964453,0.131751389,0.122629589
0.083735511,0.079664943,0.072452269
0.155701027,0.139176313,0.125463569
0.088753743,0.076244959,0.076198578
0.110093973,0.095617964,0.089540153
0.116868364,0.100478203,0.095169637
0.070977751,0.064893417,0.066959624
0.07159405,0.07026305,0.077144739
0.05550505,0.046891758,0.044172395
0.083962497,0.070271792,0.062193941
0.105287145,0.092813485,0.082837828
0.162611857,0.143093203,0.120777177
0.131871243,0.107482624,0.094846467
0.127838308,0.111658671,0.100237963
0.079880641,0.066092867,0.062447023
0.06157842,0.056123581,0.058626256
0.177265718,0.153363443,0.119525961
0.099066206,0.087476542,0.085817173
0.130993116,0.123706874,0.120546501
0.067705565,0.060124336,0.060000081
0.105703142,0.100366272,0.10605114
0.117975668,0.111932262,0.112598556
0.154088051,0.125161019,0.111741978
0.115512013,0.108231912,0.105761602
0.043500415,0.041612223,0.048093928
0.085811873,0.077267274,0.074418379
0.140694238,0.121819848,0.116681239
0.166185649,0.14410838,0.138130343
0.122446784,0.10982109,0.117620006
0.160564538,0.154562427,0.161080347
0.186243679,0.178327414,0.150439901
0.245083715,0.238146882,0.19201343
0.237701054,0.2181591,0.181681172
0.199292355,0.170021839,0.134995502
0.206507971,0.171654308,0.141301928
0.148520696,0.135280481,0.126408877
0.167573969,0.153033873,0.138773709
0.142292481,0.123002093,0.100824034
0.327853459,0.281072933,0.206730017
0.075103975,0.067151631,0.065031319
0.081442366,0.078358688,0.076102624
0.08259553,0.077776,0.073977228
0.162916586,0.12948659,0.104716607
0.134215758,0.102107243,0.075735815
0.205542424,0.189426883,0.175718492
0.122066908,0.112758918,0.113434116
0.179537321,0.151637134,0.131575566
0.175563398,0.140568616,0.114871636
0.243384095,0.215030852,0.187510817
0.082930578,0.081948112,0.092613295
0.153272157,0.150371565,0.152438382
0.159923897,0.140210271,0.136345542
0.105267566,0.094696588,0.084756997
0.1746781,0.164822705,0.149037479
0.098481263,0.088180515,0.090598241
0.092067671,0.079976813,0.080471671
0.236226429,0.191442276,0.156279354
0.182404373,0.157533969,0.138717801
0.090170487,0.081434885,0.085184209
0.041049337,0.036483931,0.038377745
0.037194535,0.033933463,0.034588798
0.020758365,0.020168708,0.024106889
0.031415666,0.029307539,0.033270642
0.036806535,0.033150716,0.034245952
0.065160011,0.058882185,0.067008374
0.04689987,0.043154671,0.040301829
0.089855987,0.081345297,0.079213887
0.096997827,0.086885076,0.090175696
0.069367438,0.061044129,0.061655659
0.06006134,0.057028148,0.054568807
0.053628644,0.051910609,0.051292909
0.157844644,0.128581995,0.107178351
0.095195307,0.084023198,0.093942483
0.046184217,0.040415031,0.036218268
0.034474549,0.031419739,0.035121704
0.057423562,0.052722701,0.050733687
0.040693314,0.038199572,0.038916173
0.038320907,0.035232707,0.038003687
0.141885468,0.127730672,0.131013688
0.155725465,0.142013818,0.128790773
0.136555644,0.127851824,0.114115056
0.116718827,0.107083277,0.105613461
0.046333629,0.041322945,0.041842222
0.055020173,0.04992328,0.047279631
0.055489462,0.050809297,0.04826714
0.091823174,0.084648577,0.087244858
0.109435032,0.101654763,0.096927493
0.113926478,0.102473771,0.097162786
0.106998693,0.097913524,0.109639119
0.062854856,0.056932254,0.066244459
0.076514678,0.071678146,0.07805798
0.075282011,0.072267596,0.079138728
0.124025909,0.112739499,0.109813007
0.122071561,0.115323606,0.112137515
0.070202749,0.064277092,0.059916428
0.119125433,0.100832094,0.08674619
0.134619355,0.106836292,0.085654008
0.02575332,0.024467848,0.024710968
0.031393571,0.02983212,0.030132879
0.104882493,0.095032175,0.091790003
0.085759645,0.078682686,0.075999744
0.083147906,0.071776146,0.067792098
0.125215258,0.123192309,0.127056777
0.110056318,0.102358842,0.097797781
0.105989279,0.100143083,0.094634221
0.112494261,0.10609822,0.100080117
0.081425319,0.070935607,0.068931368
0.117534319,0.103940783,0.100899081
0.117189331,0.111891547,0.113381241
0.159576324,0.146246049,0.134934708
0.102383888,0.095691702,0.093818415
0.091286029,0.078712807,0.071633543
0.042402415,0.038441658,0.038871241
0.029381359,0.027977876,0.030922826
0.064483563,0.059304229,0.069934734
0.073876154,0.066986923,0.080839982
0.109253474,0.098390886,0.093346606
0.130396103,0.119578287,0.108119122
0.074897115,0.068580632,0.066302797
0.036370767,0.033209607,0.033817513
0.050069497,0.043206937,0.043078011
0.035528097,0.03141442,0.031413617
0.049171271,0.044337465,0.040038704
0.075348961,0.063489463,0.055861135
0.038604075,0.034985569,0.035732723
0.034799896,0.032695287,0.035272739
0.072253662,0.064008829,0.060118852
0.049445839,0.046090955,0.047923229
0.041078556,0.037412391,0.037107901
0.03817382,0.034298292,0.036986605
0.051920961,0.050099188,0.050303822
0.039296808,0.038291633,0.03909938
0.094103813,0.080033113,0.06713739
0.033978497,0.029773181,0.029652959
0.037254035,0.033986895,0.034045488
0.078334431,0.067767416,0.06550678
0.091096734,0.082559984,0.078563872
0.131690274,0.115310817,0.108821821
0.114221079,0.098089943,0.088828343
0.153737924,0.129658154,0.120581196
0.171210576,0.161803636,0.155446957
0.09985878,0.095258883,0.094649936
0.151677431,0.147533992,0.14845639
0.126111818,0.105129107,0.097939184
0.103856398,0.082192587,0.077407064
0.067936339,0.064305582,0.068431402
0.11594666,0.111167982,0.111381319
0.149539848,0.126858444,0.101823749
0.124785026,0.110244949,0.098373208
0.168049341,0.152338182,0.141333571
0.143054164,0.129039708,0.114275275
0.062502324,0.055524703,0.053232611
0.090488683,0.080923071,0.071675195
0.170556892,0.154668035,0.14163288
0.239770492,0.206227029,0.178340717
0.156606097,0.145890522,0.136135808
0.076838609,0.068818532,0.060450873
0.069949719,0.064535267,0.057812411
0.07001466,0.06388011,0.058946626
0.065830979,0.059276514,0.0548539
0.049166917,0.043939344,0.042358082
0.056837399,0.051574424,0.047861857
0.093005684,0.086735629,0.083475056
0.107588445,0.092172632,0.085211958
0.175788038,0.137956021,0.110119138
0.147881129,0.123236512,0.121582117
0.072531986,0.06753362,0.063966306
0.109210567,0.103001823,0.102188983
0.138729403,0.120484675,0.110142611
0.0789482,0.071059031,0.066163166
0.117623562,0.106909874,0.096155624
0.105015912,0.090862764,0.079174158
0.043351921,0.040038689,0.042469211
0.084555004,0.075419289,0.078423519
0.08782255,0.081256966,0.087042724
0.094286735,0.086814249,0.090181668
0.08864527,0.082912984,0.089805078
0.121548786,0.109613331,0.102937692
0.09464434,0.087225196,0.088438871
0.09579281,0.09295682,0.093731432
0.087205973,0.083582575,0.090693542
0.10466701,0.102009696,0.10330084
0.093153874,0.087412541,0.083885092
0.060290515,0.054807506,0.053169288
0.073768833,0.065077668,0.060621346
0.109537691,0.097922019,0.091276928
0.071943327,0.065556259,0.068565924
0.124208681,0.112138431,0.1111692
0.180850181,0.156000834,0.134867864
0.109556064,0.099396062,0.096157396
0.095460231,0.089575235,0.092717872
0.229355397,0.194055957,0.154830884
0.105185609,0.097791147,0.095505782
0.140640166,0.13355056,0.119119911
0.092814873,0.088141215,0.08862014
0.081800574,0.080225747,0.082756851
0.128289094,0.118990842,0.115837912
0.123278143,0.112717466,0.112154111
0.133172341,0.126684844,0.122226843
0.144633277,0.129061701,0.126005329
0.180352523,0.160320654,0.13618773
0.103453521,0.10166222,0.110138842
0.088187998,0.084231084,0.087528374
0.146335512,0.129976454,0.122852078
0.094962882,0.08660175,0.085583462
0.094106668,0.09001933,0.08932507
0.136028514,0.126162789,0.116867791
0.162322112,0.149347355,0.137301773
0.081084437,0.071610194,0.069956346
0.112655307,0.103037446,0.103345869
0.13848536,0.120077992,0.104480541
0.096763423,0.088586112,0.100154701
0.069534345,0.062274898,0.062742139
0.095409543,0.085912032,0.083083326
0.081737751,0.07487411,0.081399469
0.166246576,0.143530357,0.13953111
0.13041028,0.115933559,0.100337933
0.109842602,0.094556044,0.087895317
0.16202904,0.145537587,0.143576773
0.31021357,0.279195456,0.241055661
0.273468153,0.225192081,0.19403714
0.21999563,0.198422311,0.180695899
0.048913143,0.044925447,0.048348957
0.033301166,0.030869481,0.032882992
0.048576806,0.044630573,0.04824465
0.05873732,0.051684959,0.04816037
0.062830926,0.057662773,0.062957282
0.07520556,0.060230188,0.062284612
0.078301549,0.069378055,0.068669667
0.077715207,0.069866076,0.069450123
0.03403972,0.032013694,0.032988135
0.046289157,0.042416992,0.040476817
0.06602829,0.061123937,0.06918115
0.045508476,0.043918161,0.052090207
0.043023049,0.041423869,0.046322409
0.04203524,0.038365356,0.040237889
0.042486949,0.040337499,0.043462018
0.028495419,0.02660888,0.029426016
0.03011224,0.029347624,0.032927746
0.088272899,0.073293488,0.061375735
0.044760825,0.042567201,0.047062328
0.049652996,0.046867305,0.045976221
0.033990739,0.031198925,0.03517608
0.148909075,0.137330199,0.122986849
0.073402705,0.071069009,0.070995826
0.05131588,0.04657208,0.046116181
0.120736132,0.105729038,0.10013544
0.083156742,0.072133347,0.065837528
0.110536406,0.097654047,0.092491286
0.09500515,0.081303668,0.075347764
0.069680617,0.066335838,0.070456245
0.061960832,0.055836557,0.056116334
0.110948972,0.103538525,0.103091362
0.114554326,0.108802507,0.107906086
0.179919746,0.161735203,0.136632403
0.149350022,0.1353502,0.131749437
0.108407108,0.096213094,0.088119917
0.16113347,0.138222768,0.13079338
0.18419117,0.165189824,0.142842857
0.256353186,0.219784548,0.181771877
0.166383363,0.145717387,0.128201909
0.216185513,0.199673367,0.193031755
0.236740288,0.209348149,0.179418226
0.248944868,0.22689657,0.204833938
0.269138528,0.225749242,0.1883542
0.267933581,0.234043371,0.214408303
0.203377111,0.180095759,0.171257076
0.200677792,0.181814255,0.169851848
0.234530478,0.207133679,0.187402783
0.244797539,0.220933165,0.184708914
0.196356233,0.182585178,0.173472007
0.25624981,0.22686398,0.201734353
0.262658693,0.238724826,0.21259955
0.233783973,0.208899131,0.18907901
0.156893879,0.143858663,0.136196495
0.189287528,0.170531169,0.166332883
0.218369769,0.197675577,0.186374834
0.223025158,0.19910146,0.17847709
0.149888759,0.141937524,0.142491838
0.220046167,0.206830078,0.195353916
0.181539184,0.168536896,0.164188047
0.139871373,0.124844735,0.129423811
0.225736059,0.21502867,0.196038271
0.104216924,0.094523054,0.092844482
0.080927898,0.071561919,0.067486768
0.066316568,0.057133,0.054543242
0.095352818,0.080667148,0.080917666
0.070697875,0.062928706,0.062163477
0.130817862,0.114399954,0.094384221
0.110051018,0.098838064,0.085935811
0.089644663,0.081860606,0.080942443
0.11765406,0.103459429,0.095330457
0.325805008,0.283645347,0.233547268
0.132695152,0.11666111,0.112981409
0.200379205,0.170377586,0.144241678
0.101321616,0.086164405,0.077711272
0.184752899,0.147981831,0.132064746
0.195966179,0.164713391,0.149406955
0.173379489,0.148498111,0.135217131
0.149427034,0.126051921,0.110966443
0.161668746,0.138698606,0.117356171
0.061363454,0.058620406,0.059544989
0.106396626,0.088596804,0.0793576
0.228008671,0.193384433,0.172156126
0.185657251,0.165447584,0.150465493
0.207216505,0.182902246,0.16485107
0.234698638,0.200943042,0.162159128
0.089037647,0.083399449,0.096444187
0.108699994,0.106630958,0.113565715
0.079687521,0.076002309,0.091982964
0.126949659,0.114480137,0.100822093
0.123761431,0.127698359,0.141408709
0.106702772,0.103798073,0.11948966
0.316553077,0.282805711,0.217923512
0.13231572,0.117127301,0.108277582
0.183731438,0.169653598,0.168682502
0.121449433,0.115273569,0.106739617
0.106458001,0.097860234,0.104456334
0.152906174,0.14344608,0.139657019
0.18476668,0.173598882,0.158944038
0.162798421,0.146185695,0.132184703
0.126602581,0.120540543,0.128331969
0.142755124,0.134943623,0.135161645
0.206184014,0.17999336,0.160389798
0.197109285,0.176957061,0.152559815
0.164599442,0.150531953,0.137517986
0.140699687,0.128265105,0.110834578
0.132050062,0.120409032,0.10876751
0.154644683,0.141003692,0.131837441
0.11296525,0.098200316,0.088466813
0.136028757,0.124779713,0.120723973
0.099987655,0.086556749,0.077080547
0.104048746,0.097165852,0.093925385
0.222594379,0.198345593,0.163354285
0.328493473,0.287706163,0.202667539
0.24995078,0.218441255,0.17078375
0.328242244,0.270115348,0.176994901
0.184561133,0.168342873,0.13964937
0.294478359,0.260062315,0.181982602
0.234960415,0.197623482,0.146760779
0.108921958,0.099287905,0.09204072
0.057428729,0.053296328,0.053894112
0.060050867,0.055203006,0.056059666
0.060120137,0.053436668,0.054512017
0.159673025,0.13326195,0.125148635
0.150505742,0.138108411,0.133419254
0.120719203,0.110046996,0.099665302
0.101038915,0.089508686,0.086175418
0.051492475,0.050683541,0.053249458
0.053827633,0.046756304,0.04805413
0.149635544,0.125786348,0.115091502
0.140225932,0.122646031,0.115209322
0.181012894,0.143561639,0.122511007
0.170774959,0.145106949,0.129247237
0.116583028,0.108195348,0.115374119
0.150103729,0.134226277,0.130146196
0.180799031,0.161158127,0.143306594
0.164359848,0.148471286,0.140855016
0.067540822,0.061642736,0.063045728
0.064486778,0.060264301,0.064021754
0.097630489,0.091743963,0.095520404
0.108388631,0.104499052,0.106207058
0.07452709,0.069139761,0.071566633
0.07690343,0.072374013,0.077688419
0.120914481,0.111370111,0.11592965
0.096730977,0.087934442,0.089386928
0.183843274,0.171244495,0.156896193
0.109625641,0.10502701,0.112683893
0.12976402,0.115927784,0.102634553
0.200908148,0.174289577,0.154115092
0.125289268,0.115005582,0.110623542
0.146240327,0.132581761,0.122383051
0.158582878,0.139908346,0.133892951
0.096038748,0.088668523,0.088630171
0.098905718,0.088232054,0.083845409
0.12722255,0.120739726,0.131227258
0.132000922,0.126387011,0.136252614
0.102336832,0.093991392,0.101153484
0.12954589,0.118883832,0.114634547
0.108892958,0.099202536,0.101198913
0.112798277,0.103361011,0.102677665
0.057025876,0.052766809,0.056289714
0.056581493,0.053343317,0.059784476
0.048971214,0.045944158,0.051541684
0.078509574,0.074471872,0.071888415
0.076509555,0.071282266,0.071763681
0.103420638,0.098223088,0.092388081
0.126037359,0.124668343,0.129748291
0.068475444,0.065610821,0.074055214
0.17700391,0.159442672,0.150329008
0.091709163,0.08491944,0.093810687
0.060391807,0.058738249,0.068657007
0.096123754,0.091739704,0.094114931
0.075117837,0.069411067,0.072509965
0.081530449,0.079041818,0.087335564
0.094967555,0.08666033,0.091521
0.097063388,0.09030013,0.095843199
0.181726613,0.164725021,0.154087956
0.058678122,0.055544695,0.06170136
0.100083529,0.090926133,0.089594307
0.073418751,0.068861389,0.07045535
0.071522693,0.067535055,0.067592053
0.09336626,0.086443232,0.09127955
0.148929856,0.135747468,0.13066554
0.164427929,0.150703419,0.146317211
0.066050471,0.06302913,0.06700356
0.06567739,0.063197319,0.063968943
0.063775823,0.060144005,0.070587757
0.102410426,0.092333238,0.09316753
0.066860361,0.062710283,0.063726147
0.071122403,0.068045004,0.069216722
0.081478497,0.076499804,0.080279227
0.159971694,0.145293747,0.140682928
0.062423207,0.060630229,0.060936901
0.052486371,0.047790591,0.05270307
0.062312889,0.058747529,0.062789808
0.075153352,0.069431698,0.069494618
0.111466818,0.100221878,0.095082317
0.04666348,0.043926158,0.048877377
0.128877702,0.120756753,0.121258423
0.097567191,0.092754793,0.097714612
0.051061903,0.047728645,0.050902073
0.053924739,0.050483898,0.054368
0.050293754,0.047987353,0.05040882
0.04777732,0.04457262,0.048887208
0.047798868,0.046071041,0.050559059
0.057113671,0.054981912,0.058314196
0.163678247,0.151128369,0.141679444
0.077415804,0.071293683,0.075299143
0.059854866,0.057748888,0.065982386
0.055581569,0.053552959,0.057636501
0.081444061,0.074945183,0.075870973
0.070491783,0.06437382,0.06783587
0.079216326,0.074804726,0.079107091
0.12183837,0.108565903,0.107431356
0.129556578,0.121285181,0.113460344
0.191053115,0.165169176,0.132521116
0.058003243,0.05365372,0.059394009
0.070866891,0.068518497,0.073974605
0.08697974,0.079085874,0.077741056
0.15227547,0.136814076,0.134834044
0.104824791,0.101834426,0.107873726
0.087198769,0.082390909,0.091784513
0.079055867,0.074825732,0.08249195
0.098551468,0.090504143,0.100327126
0.139698426,0.122399785,0.115819103
0.104098437,0.096849157,0.099588348
0.126406928,0.119588997,0.113574709
0.064692418,0.059314338,0.062067157
0.08149976,0.077817218,0.077544758
0.091346295,0.087095917,0.091655496
0.142587649,0.142547808,0.148347408
0.100927539,0.095906627,0.102317591
0.110036858,0.103115786,0.110745109
0.138521633,0.133174848,0.138776054
0.139177611,0.132696952,0.136338647
0.131118682,0.111008,0.104786433
0.082370234,0.0805191,0.082918424
0.095603806,0.086915247,0.082746932
0.07584522,0.071416785,0.067355695
0.078041433,0.07123404,0.067882519
0.085824758,0.077809315,0.070359722
0.077077352,0.071871668,0.072506244
0.080562372,0.075576546,0.077602781
0.052606752,0.050927968,0.056723404
0.104352455,0.094863752,0.09486123
0.091745601,0.08476979,0.088919814
0.057304901,0.054612891,0.058813701
0.059613267,0.054745,0.06023362
0.100271372,0.089087504,0.091068999
0.0746521,0.067013754,0.071811745
0.06362846,0.058944697,0.062371397
0.156584193,0.134477133,0.110281661
0.099430404,0.085825187,0.080366894
0.126268501,0.111757843,0.094693237
0.159153505,0.139857592,0.117636844
0.116596582,0.104035774,0.091142263
0.161965497,0.138038032,0.110905612
0.076999298,0.076488143,0.086894864
0.074242355,0.071455652,0.070696705
0.106927662,0.097058312,0.100325548
0.084817755,0.080029336,0.096810296
0.126525098,0.119606432,0.118075754
0.125170211,0.120206234,0.116281058
0.129867215,0.118794293,0.10501848
0.084920221,0.079236928,0.084184479
0.072521313,0.06544987,0.070371827
0.121838041,0.118531845,0.113849185
0.064911023,0.052873801,0.050725321
0.06260205,0.056065601,0.053598747
0.079026561,0.073471006,0.07191601
0.086271487,0.075479322,0.072578798
0.070865088,0.066515171,0.067971286
0.110575552,0.100204921,0.096744946
0.152482797,0.139605983,0.141737716
0.086139669,0.076834392,0.082457144
0.066116339,0.061295753,0.060173087
0.068834573,0.062655031,0.064559964
0.116631695,0.103704449,0.101168356
0.057927816,0.05261638,0.055916224
0.079637461,0.07258251,0.083652309
0.122672536,0.111121807,0.101352252
0.052549306,0.048487049,0.052714512
0.056082687,0.05158747,0.054536031
0.120858559,0.114564949,0.128623534
0.049314348,0.045623831,0.049829208
0.118652556,0.107337324,0.104123879
0.10262245,0.093131341,0.085776131
0.099295948,0.092356126,0.087460682
0.113919122,0.103614877,0.098619102
0.083833949,0.076249,0.076232123
0.099625716,0.086821655,0.088425158
0.124027656,0.111084156,0.106987185
0.12436649,0.113519719,0.122745324
0.119135163,0.111963638,0.115675359
0.128812823,0.122456943,0.134554181
0.119808101,0.11711267,0.120151557
0.10073063,0.09416213,0.103441199
0.050878432,0.046492694,0.050742375
0.119129526,0.103616298,0.096648596
0.119861018,0.109334563,0.102723565
0.071370751,0.062180617,0.064651452
0.05721336,0.048650646,0.048076415
0.131938131,0.124274869,0.119293317
0.156135105,0.141207131,0.140700323
0.114139398,0.10396714,0.106919412
0.19509587,0.182580348,0.170885171
0.14048542,0.12734492,0.126506948
0.134497267,0.120206318,0.118220258
0.161701665,0.148429914,0.140921765
0.104665858,0.096666148,0.09392772
0.129330616,0.116829703,0.1161648
0.07730771,0.070912847,0.072991313
0.076465758,0.072611126,0.07278722
0.072071555,0.07046676,0.071945891
0.085996128,0.078668418,0.074987603
0.116518492,0.103801295,0.10172497
0.101952064,0.091649831,0.095928114
0.081356851,0.074458412,0.07784388
0.093329065,0.08546779,0.084642719
0.118117851,0.109783846,0.107198042
0.113441665,0.103423163,0.108747826
0.115731952,0.106398107,0.103548652
0.110493499,0.104458387,0.099950607
0.100054798,0.096760544,0.097102167
0.099107231,0.09370459,0.092873364
0.112409654,0.106942949,0.101597351
0.100267563,0.093599979,0.093636852
0.106395601,0.098354477,0.100138391
0.082372093,0.073621957,0.073505147
0.086795866,0.081350219,0.084751583
0.125396611,0.114722407,0.106574195
0.136553138,0.122298313,0.117778357
0.130596988,0.124156987,0.118450093
0.136499134,0.129728151,0.126221126
0.09419928,0.089035622,0.087230775
0.09627261,0.087728464,0.090154088
0.113241543,0.105280119,0.103548942
0.117328861,0.111453785,0.110472561
0.117340984,0.110775619,0.115433822
0.127222638,0.119527599,0.116900871
0.121585605,0.114449691,0.114309529
0.035104189,0.032405047,0.031895898
0.036113186,0.030575455,0.033182979
0.028172603,0.025906592,0.028170846
0.03630081,0.03273119,0.034786367
0.099398407,0.082006569,0.074163633
0.079152721,0.069850965,0.061384545
0.027206441,0.024978736,0.025249156
0.026389964,0.023614663,0.025779323
0.032337652,0.028575637,0.031094352
0.031041252,0.027987566,0.029511168
0.040309586,0.036113389,0.036710526
0.064945428,0.058471518,0.05971699
0.045907506,0.042052036,0.043484414
0.048476844,0.041979936,0.042408269
0.042506623,0.039152802,0.042020552
0.182335333,0.157620707,0.132401848
0.14079097,0.131532299,0.12049215
0.155472889,0.148660587,0.139564048
0.10850146,0.099910256,0.097223892
0.147051667,0.138967376,0.12883826
0.166931538,0.152605751,0.131979434
0.103525994,0.097280444,0.095520428
0.117991626,0.108309666,0.101308637
0.099011082,0.098275242,0.098219591
0.171834813,0.157760563,0.131530862
0.144952155,0.131880907,0.117650788
0.125168238,0.118177411,0.117762236
0.135802568,0.128095137,0.12449865
0.147774226,0.129297527,0.11550057
0.121241025,0.11101635,0.099981433
0.109268334,0.105593111,0.102595715
0.0990592,0.090807196,0.101679772
0.072859784,0.067046667,0.068137241
0.026844358,0.0241266,0.024578812
0.036651096,0.03362552,0.035340942
0.073761254,0.066665395,0.065191568
0.063283614,0.056895602,0.058003882
0.068565675,0.061761593,0.064449837
0.060435196,0.053065292,0.052306034
0.071255443,0.061771922,0.055181363
0.066677904,0.061596369,0.058366709
0.056559611,0.051943606,0.054269136
0.052549905,0.048603361,0.050363676
0.06506296,0.061200403,0.061129752
0.066826908,0.061474579,0.062269251
0.064482309,0.059779129,0.061495661
0.066533034,0.062040751,0.065178637
0.07053844,0.06230454,0.061496637
0.058456164,0.054864306,0.05352916
0.062542118,0.057480816,0.056614759
0.085330736,0.079032292,0.083394883
0.094013107,0.086659146,0.089258737
0.132892885,0.12030396,0.113619347
0.068397026,0.063012904,0.065293196
0.081236271,0.077256939,0.078959348
0.081545258,0.075443082,0.072078366
0.110930223,0.102509158,0.10150773
0.088177061,0.080979755,0.08024438
0.073893688,0.065616841,0.067229056
0.160929758,0.142613203,0.129870204
0.130256811,0.120999951,0.113886024
0.11308015,0.101705058,0.095858733
0.139822608,0.126208066,0.117191371
0.161290151,0.145059658,0.136230687
0.106605893,0.099791471,0.098466561
0.092251933,0.087327596,0.089414652
0.090314656,0.081932985,0.08417706
0.10831525,0.096949945,0.094491712
0.08629734,0.082288442,0.081796058
0.132720587,0.1195296,0.108853654
0.19443482,0.164703477,0.141010924
0.118185759,0.10793456,0.10067669
0.103054579,0.094140471,0.090949933
0.077867523,0.073244131,0.076085451
0.063377499,0.060007133,0.061254353
0.079471288,0.075468036,0.081375074
0.142061717,0.125992322,0.11274917
0.108076776,0.102059733,0.100000786
0.07865013,0.072214251,0.079661615
0.090459353,0.084056339,0.081039526
0.105541731,0.092171252,0.093665688
0.076686663,0.072211758,0.077042738
0.089352702,0.081476511,0.085332733
0.114134119,0.10656179,0.108497768
0.097679374,0.09167249,0.092719815
0.083613653,0.077048877,0.079858064
0.068431812,0.063076799,0.069007384
0.104092744,0.090778432,0.09410556
0.065759359,0.060294498,0.065844588
0.11777984,0.100705683,0.098896554
0.059248224,0.054711418,0.058674374
0.087805653,0.082661962,0.087061606
0.059734268,0.054042411,0.060047453
0.085031828,0.078440829,0.081840266
0.108534337,0.096963983,0.094081371
0.104579503,0.100807584,0.109479345
0.132312267,0.119573819,0.121157711
0.104590983,0.097374749,0.110197035
0.112819683,0.103551938,0.106396639
0.109152517,0.101748328,0.101541229
0.092116066,0.082103008,0.083578712
0.09699988,0.0867927,0.087974255
0.096974129,0.094250362,0.094345814
0.064730067,0.058632432,0.059435695
0.089184927,0.085134701,0.090606291
0.092300865,0.079344309,0.081235614
0.054016799,0.050774249,0.054020205
0.068442394,0.059885157,0.06016455
0.068403267,0.063324506,0.06362261
0.066571612,0.05949322,0.069249552
0.100777019,0.098561371,0.108442355
0.123943965,0.111336141,0.113985497
0.067243812,0.063196499,0.070698702
0.092940188,0.075828659,0.076257838
0.084818378,0.076720654,0.082964076
0.13662971,0.116714628,0.107825208
0.10947904,0.105381506,0.111248477
0.104570848,0.095508187,0.091479647
0.066376814,0.061244824,0.066115429
0.050000159,0.04746818,0.055963826
0.073299533,0.068426928,0.072270426
0.042852926,0.038035534,0.043995697
0.103809018,0.094959844,0.095691612
0.090997693,0.084344074,0.096549081
0.110343105,0.102243597,0.093677828
0.116003051,0.107114131,0.107616789
0.108704976,0.103084632,0.102500898
0.086103319,0.079508861,0.081929773
0.153823541,0.136307736,0.128712872
0.096814762,0.090479377,0.096572114
0.106890117,0.098144546,0.095954553
0.06935884,0.063907896,0.068134187
0.123721718,0.109614056,0.10622465
0.141898211,0.125196479,0.117070167
0.086840492,0.081758302,0.08819536
0.071974271,0.069333852,0.075338141
0.120724997,0.108715768,0.109947096
0.090840709,0.085540298,0.094498543
0.069824194,0.061501435,0.055443797
0.068802496,0.059113488,0.053610122
0.145549144,0.138691599,0.135031786
0.112992714,0.104521785,0.108567461
0.059595055,0.051449866,0.050913346
0.151551634,0.136145855,0.124087971
0.081843309,0.077047798,0.07801717
0.082355832,0.078577508,0.073652117
0.093098933,0.086589913,0.081483683
0.071286851,0.06801962,0.067356398
0.063498318,0.061619615,0.064839541
0.074605581,0.069478948,0.071743657
0.138661671,0.127797048,0.130072638
0.144976134,0.130815038,0.133658752
0.093458701,0.084682236,0.08909511
0.114056185,0.099917153,0.107301215
0.142273737,0.126290792,0.118288134
0.18621864,0.174209392,0.159857168
0.128188439,0.112372635,0.10912652
0.095144353,0.085574374,0.088697919
0.106967003,0.096503259,0.093057052
0.126902472,0.11157209,0.10195686
0.110959164,0.104288783,0.107723326
0.158689831,0.14026241,0.125599109
0.098760721,0.092091354,0.10593846
0.119073627,0.103272286,0.103388263
0.08667786,0.076079819,0.078756237
0.181970526,0.163244254,0.162066185
0.134849214,0.122973207,0.118110527
0.080873969,0.073933885,0.072774999
0.087989335,0.079086066,0.070323071
0.102812351,0.093058713,0.092452529
0.106656023,0.094995957,0.090814948
0.117064181,0.104629045,0.102455781
0.093080801,0.082222468,0.078654521
0.13355131,0.121485497,0.109257104
0.123989291,0.115894804,0.112683177
0.132705652,0.126404151,0.114996386
0.110057291,0.10059675,0.097610384
0.098666062,0.094945281,0.093595951
0.092454194,0.087216164,0.084535504
0.070884689,0.063653094,0.069844933
0.045482791,0.043518615,0.045708632
0.061099752,0.057934741,0.059462355
0.085650615,0.07879634,0.081128667
0.090083001,0.083161014,0.083197441
0.1107869,0.096668817,0.09054566
0.103494755,0.093522991,0.086146511
0.03557128,0.03243899,0.032177859
0.025632414,0.023734561,0.024545965
0.018477658,0.018253268,0.02162181
0.03524871,0.02925849,0.032971538
0.077463467,0.063628126,0.060456105
0.045748191,0.039574994,0.039238072
0.049032213,0.043329207,0.052328963
0.107273998,0.100295807,0.09938663
0.104093622,0.097379301,0.100564865
0.093293482,0.080311466,0.072560677
0.130584325,0.124655445,0.115777921
0.029240084,0.021927254,0.02185588
0.024860434,0.019603866,0.018910839
0.021503358,0.018612588,0.018582903
0.05250825,0.049241119,0.048987936
0.05824431,0.053730063,0.056154393
0.031839137,0.031101854,0.031193004
0.040446708,0.039215026,0.040512916
0.04701198,0.043929952,0.044500664
0.045041367,0.039929849,0.039113553
0.073091714,0.066494501,0.069499988
0.016432593,0.013605331,0.012862609
0.019312252,0.015249847,0.014481167
0.021899647,0.018410805,0.017422463
0.128478027,0.110177103,0.100063619
0.097023716,0.083170547,0.077422339
0.093879501,0.084138536,0.082168132
0.088758052,0.08137651,0.088775068
0.113319376,0.103601429,0.098173067
0.123229639,0.109080425,0.097556924
0.261705055,0.226173203,0.174781902
0.256338154,0.243598601,0.221310623
0.269218521,0.255082722,0.218986584
0.073388062,0.069519309,0.067339584
0.061574768,0.055466499,0.055943443
0.019108053,0.017661116,0.017881205
0.030930671,0.026317034,0.028504067
0.045221885,0.038584509,0.038212043
0.057781942,0.050932223,0.053174681
0.085291638,0.075935928,0.077508545
0.04446011,0.039195182,0.039086329
0.071718282,0.053879637,0.051537194
0.1230648,0.114580809,0.109574026
0.100868432,0.096000121,0.094397691
0.092753869,0.082655008,0.083110144
0.06505714,0.062806009,0.067437417
0.054441179,0.051491878,0.057224502
0.085986961,0.077275574,0.073985495
0.084650296,0.077857125,0.079994383
0.134819052,0.117405001,0.114164467
0.099563453,0.093209612,0.093974503
0.076684752,0.071196806,0.076369123
0.096129272,0.088277123,0.086190258
0.126451108,0.113976465,0.103851765
0.08218377,0.075774712,0.079980832
0.108221551,0.100367364,0.098669958
0.111019995,0.103370185,0.09646244
0.094628909,0.087621887,0.089123009
0.086438511,0.079805467,0.083517831
0.128215253,0.111041339,0.106886862
0.141964609,0.132861872,0.116997404
0.076328053,0.072303995,0.076006349
0.09322241,0.084143361,0.08623099
0.080380782,0.072779969,0.076033996
0.102318231,0.093572231,0.093497265
0.109861897,0.099207388,0.096228365
0.097281567,0.086580748,0.083103362
0.129503235,0.117564569,0.109466883
0.080666528,0.076394723,0.080888616
0.095551346,0.087844688,0.087910318
0.118801251,0.107543991,0.102338021
0.11736258,0.107483108,0.108414884
0.135825615,0.121636596,0.1143548
0.12421436,0.109230896,0.108540518
0.11093651,0.101355464,0.101220721
0.12232562,0.114282978,0.110473169
0.095527472,0.090699918,0.090499327
0.085307885,0.079228573,0.08128295
0.111319746,0.105499766,0.102762369
0.096277798,0.088121356,0.089323999
0.075840144,0.068997933,0.066029084
0.151026192,0.141226327,0.127036279
0.066275348,0.061393304,0.062848599
0.128924684,0.117969574,0.11545124
0.100635805,0.094427133,0.091000912
0.097946561,0.090161796,0.088668418
0.11105833,0.104913337,0.100917072
0.116724773,0.10946967,0.10348582
0.104385712,0.096370059,0.09185499
0.136610093,0.125417598,0.120029936
0.12512646,0.116541113,0.110651593
0.116875148,0.106914117,0.105331017
0.095840929,0.088607084,0.091728907
0.130714704,0.121370084,0.118737803
0.107678014,0.099143912,0.098090463
0.065890931,0.062302275,0.06656935
0.136313671,0.120898723,0.119803388
0.088396134,0.077973895,0.079123424
0.164638662,0.15084125,0.133065499
0.129224999,0.123494447,0.120302125
0.102314257,0.096496657,0.095379888
0.130425346,0.121370998,0.109931251
0.129887516,0.122659008,0.117907738
0.175124691,0.158766319,0.160592308
0.065602407,0.057389626,0.057312022
0.175749699,0.15453033,0.130577806
0.167553608,0.154209458,0.147812248
0.086015306,0.080659718,0.078664005
0.092846972,0.084411364,0.080060569
0.113943764,0.100475018,0.103127388
0.130973215,0.117591361,0.116554441
0.132399427,0.11696779,0.109425155
0.075321648,0.06818289,0.074785581
0.121423546,0.110939593,0.121723855
0.132199381,0.126916602,0.125804238
0.078516996,0.070802501,0.067309945
0.097261009,0.083389376,0.086640758
0.088578768,0.082475619,0.10277821
0.096763262,0.091825031,0.091651505
0.076622938,0.073116249,0.075631613
0.04954263,0.039272558,0.036929087
0.115943953,0.112666617,0.104735091
0.140538701,0.128598731,0.132955102
0.271667374,0.258808779,0.230522305
0.152792452,0.13521397,0.119251642
0.242098266,0.217198677,0.189599805
0.197507052,0.171694308,0.161446395
0.301647916,0.268728726,0.226388079
0.189491658,0.173372486,0.159783666
0.233331191,0.188850697,0.148073627
0.096278704,0.088737262,0.093053891
0.134846969,0.118741991,0.11584499
0.242397346,0.225791901,0.190551674
0.185038065,0.174910901,0.162917482
0.206691104,0.188386432,0.155864297
0.208120386,0.179300282,0.148355844
0.193344647,0.176455422,0.158804894
0.20249216,0.184121792,0.174404373
0.130319268,0.121866565,0.124192609
0.198866473,0.169158197,0.152920917
0.136144896,0.130079251,0.136127069
0.119799574,0.11146895,0.109757972
0.090485152,0.083597835,0.075641272
0.070637634,0.064104234,0.065321815
0.082762945,0.074478505,0.070673118
0.058542654,0.054680782,0.054777614
0.042697738,0.038565404,0.039624165
0.051149811,0.044365673,0.050719967
0.081800554,0.077819076,0.070229275
0.049763775,0.045738435,0.050773074
0.109601551,0.097210693,0.086842978
0.048260642,0.043493117,0.044705152
0.036744315,0.033625622,0.033755103
0.055923673,0.05234101,0.054576995
0.045825792,0.041400559,0.042071021
0.056317238,0.054187778,0.05844506
0.073614293,0.071548659,0.069472099
0.063768934,0.064183477,0.067393908
0.078678548,0.073051479,0.069254499
0.054189626,0.055172371,0.059820204
0.055860509,0.055750495,0.059248498
0.054183377,0.049784806,0.053362082
0.026429631,0.024513822,0.027765122
0.063559459,0.059229788,0.058109127
0.069174144,0.063875465,0.061316749
0.063484622,0.05654348,0.063919668
0.08738968,0.0776015,0.071662731
0.081731315,0.07192792,0.083090434
0.084067095,0.074850053,0.086194494
0.072196554,0.068349634,0.082288457
0.107551201,0.09650632,0.102432904
0.074815316,0.071660165,0.075932263
0.058277378,0.054655433,0.069475778
0.126956074,0.114830076,0.111659139
0.111143648,0.099913728,0.098012432
0.069138111,0.06188926,0.059846204
0.073204583,0.060954146,0.056100677
0.078449528,0.064844924,0.065149298
0.075704027,0.068738447,0.064295069
0.095449653,0.080741524,0.077658359
0.161112168,0.132284753,0.110163367
0.104971476,0.087220669,0.080470452
0.099759217,0.084059956,0.079442043
0.087960454,0.075264835,0.077695838
0.097989502,0.079579458,0.071431905
0.07532218,0.067918609,0.065571641
0.080014906,0.066178259,0.063604541
0.142287909,0.118625679,0.106251476
0.083184507,0.074217123,0.066980914
0.089546893,0.073816305,0.068475522
0.095726314,0.085557284,0.0839724
0.076473762,0.069123762,0.064611168
0.079457198,0.069375226,0.071376769
0.191826343,0.162094642,0.13267075
0.091402316,0.074055001,0.068916815
0.066808329,0.058132476,0.057770114
0.088671563,0.071177345,0.065611753
0.089755337,0.082277949,0.078943766
0.092706563,0.086273714,0.082322739
0.079696627,0.071860868,0.07266153
0.089618964,0.083353892,0.079131709
0.111717981,0.094376488,0.097175911
0.173848547,0.154499472,0.141411598
0.139464098,0.123225571,0.12117688
0.101399253,0.086130791,0.081406877
0.069783865,0.063793123,0.066887729
0.084778807,0.075844944,0.074852689
0.228927066,0.197240352,0.165724567
0.059392552,0.054816981,0.060206588
0.112636362,0.099827903,0.090647942
0.130562312,0.117079634,0.115533634
0.119656732,0.10558608,0.107245094
0.194603092,0.165466371,0.161407345
0.157318597,0.141637084,0.128273663
0.13458166,0.124266984,0.111317751
0.102284721,0.092724322,0.093225588
0.086525598,0.078329243,0.070010496
0.215836939,0.190385332,0.170176316
0.114873419,0.104909876,0.111212318
0.133751084,0.119540791,0.11840952
0.158486156,0.145990375,0.157755258
0.171713745,0.161633042,0.160020548
0.165932253,0.151688462,0.145979655
0.145689309,0.13077138,0.133296944
0.084584819,0.07633043,0.073643962
0.093661186,0.081607574,0.078572607
0.08548911,0.080899757,0.085634376
0.085262827,0.075912975,0.077448482
0.085554179,0.076117573,0.077061155
0.137591019,0.125542159,0.111174439
0.147381142,0.12899047,0.13790143
0.093260738,0.085622375,0.086737872
0.06415871,0.059453696,0.065001075
0.060549063,0.055879522,0.063669948
0.069704463,0.064250295,0.067978376
0.086929966,0.081168628,0.087102706
0.052943595,0.047311156,0.052288723
0.066619059,0.062768844,0.068001388
0.134126906,0.11410659,0.104009668
0.095401253,0.085629857,0.088110182
0.064794234,0.059236248,0.063556479
0.088503046,0.079801328,0.090550114
0.057450348,0.052384634,0.055476821
0.065823847,0.059481276,0.064104298
0.16993709,0.149320823,0.13507366
0.117934864,0.108602896,0.105009671
0.043761169,0.040772123,0.0398055
0.077503762,0.075415184,0.078755137
0.069863955,0.063608372,0.060090136
0.058969237,0.056793936,0.058128415
0.131838351,0.114263565,0.097690127
0.1613798,0.136769865,0.119363516
0.090019527,0.080503815,0.077024202
0.105145017,0.095329243,0.096588892
0.129131305,0.11387777,0.108431944
0.059911767,0.053180591,0.051979507
0.055016215,0.049205719,0.049872304
0.106057382,0.093904635,0.086067671
0.094394712,0.089421231,0.091797906
0.10010918,0.092767946,0.091715075
0.10791587,0.100716439,0.094943008
0.08685304,0.078789531,0.079236064
0.099416449,0.089420502,0.087132885
0.130409081,0.113054588,0.112476025
0.08721053,0.081706483,0.085921732
0.100247837,0.085721295,0.079947594
0.057680973,0.054316999,0.055658891
0.100178128,0.089110093,0.094568122
0.240623436,0.210632928,0.188558298
0.126226841,0.115894926,0.109548536
0.114550078,0.100838105,0.094855688
0.060189516,0.055193958,0.054643983
0.125072865,0.111203387,0.106198087
0.078407158,0.074286293,0.071173099
0.090016016,0.08267201,0.076121482
0.131288251,0.114916436,0.108248543
0.084911278,0.076682396,0.077865573
0.083296496,0.075757254,0.072554919
0.093720054,0.083273169,0.087069037
0.104472624,0.098185051,0.09582123
0.141734803,0.133586232,0.135698161
0.128119362,0.119774354,0.116275182
0.172364631,0.141377402,0.112264185
0.106403737,0.090087594,0.081131762
0.094681722,0.085051905,0.083102754
0.115558487,0.102006527,0.098337487
0.059585194,0.059220274,0.0676146
0.056000289,0.052383447,0.056651114
0.060224354,0.055756277,0.05817049
0.065810913,0.056277279,0.048417185
0.078088017,0.071819908,0.070975832
0.134931493,0.121761262,0.121138244
0.116290526,0.105586867,0.105728336
0.124148713,0.112897562,0.117823149
0.069376763,0.066230945,0.067471577
0.13097068,0.116971697,0.114070776
0.147416881,0.131587514,0.120079813
0.143940994,0.131700328,0.126249977
0.07321891,0.063778552,0.059608058
0.082593764,0.069779543,0.060013525
0.063602492,0.057839696,0.05407774
0.075761441,0.066390248,0.059782657
0.13669357,0.12007616,0.108406183
0.066255551,0.062416445,0.068041068
0.064180571,0.058467933,0.056047807
0.075036508,0.068831493,0.06402629
0.070634184,0.066388178,0.064518219
0.091412798,0.084730947,0.079868076
0.052249311,0.049340228,0.04998606
0.037351414,0.033690014,0.03450629
0.114304421,0.110963274,0.108966214
