median-3,median-5,median-7,median-9
0.307052004,0.288448304,0.273894578,0.251887548
0.338538919,0.3247213,0.311596535,0.302741195
0.271375189,0.275407464,0.262895037,0.250269231
0.323818242,0.306542504,0.281896047,0.251253552
0.302267541,0.293226487,0.275040854,0.254244284
0.324427074,0.307920742,0.280293693,0.264565356
0.229102298,0.22487158,0.207469991,0.189071902
0.319488975,0.310775693,0.296940012,0.293244913
0.321022232,0.30685766,0.273667065,0.249107852
0.306431454,0.287966726,0.268205412,0.247065747
0.33870674,0.332155866,0.320901989,0.307490102
0.320384039,0.285648849,0.23907139,0.215253863
0.306275739,0.295671701,0.281050884,0.265278231
0.306398781,0.294047553,0.279252578,0.265861253
0.402219781,0.378412028,0.377382224,0.370569638
0.363720727,0.368544305,0.36514778,0.350004722
0.301264977,0.29313193,0.270247001,0.245904396
0.301651087,0.284995337,0.270682917,0.249591155
0.317029047,0.313474643,0.299489454,0.28363322
0.310861467,0.300893341,0.274752996,0.244888227
0.39657411,0.393959036,0.383800928,0.37485502
0.282162825,0.258691931,0.229698083,0.206563392
0.30013802,0.292472427,0.26099656,0.236215214
0.279439639,0.25108319,0.223899692,0.198988591
0.301138084,0.287076838,0.277134804,0.265849794
0.306395377,0.293939791,0.273233459,0.25191128
0.319290235,0.305097574,0.283711004,0.26824089
0.409118934,0.393393541,0.38674179,0.367450035
0.319789194,0.328081295,0.318350012,0.291100611
0.309365313,0.290197508,0.265290566,0.240546433
0.35969774,0.374805964,0.357328034,0.316047961
0.327840474,0.328176074,0.312215531,0.288730017
0.291773234,0.273956407,0.245763728,0.233096688
0.29593534,0.279308849,0.25788011,0.2416299
0.335268512,0.333145736,0.316163419,0.282419495
0.288742602,0.275726465,0.253759184,0.240713916
0.276485251,0.256671107,0.228849002,0.208100811
0.301126219,0.299899879,0.27717369,0.250874401
0.372811266,0.409676049,0.401559434,0.389816529
0.312062279,0.336261672,0.329803907,0.315723899
0.301243351,0.311605563,0.289931529,0.275452377
0.288013583,0.287663935,0.270037578,0.255502044
0.328306012,0.338674357,0.333218159,0.313888956
0.320327707,0.354599573,0.360823754,0.33710272
0.316023635,0.32398284,0.31231375,0.295845696
0.243036853,0.240821006,0.224060497,0.20726201
0.338643474,0.368891267,0.37901226,0.369708519
0.270523633,0.277822943,0.267735733,0.252416066
0.241310322,0.229779212,0.21460745,0.207654868
0.294819076,0.293070373,0.285685746,0.264767664
0.341173328,0.365010507,0.360005715,0.350428804
0.395846316,0.400834018,0.390655801,0.376439587
0.387290682,0.406303683,0.410669536,0.394638293
0.386061219,0.407187424,0.418494573,0.427310752
0.258006031,0.265915449,0.251356569,0.240925471
0.294696716,0.305583063,0.294263772,0.277051222
0.297182481,0.305873433,0.301183264,0.285338669
0.325899963,0.346470828,0.343516066,0.328643924
0.296662791,0.298436737,0.286484929,0.266689506
0.331332715,0.332349224,0.320949475,0.322584188
0.286373121,0.278825327,0.261506544,0.250774104
0.303024734,0.309617173,0.291722568,0.274005657
0.348809758,0.354266546,0.341259952,0.327452398
0.313245896,0.305270825,0.287125947,0.277208601
0.284070621,0.295266568,0.278235223,0.260997899
0.226184121,0.237906543,0.236293537,0.226039753
0.367516067,0.36264274,0.349946355,0.334362446
0.30559643,0.30643287,0.300547455,0.292107472
0.22931245,0.229173349,0.21713236,0.202434603
0.353891858,0.356492758,0.348419293,0.331594946
0.423506141,0.449162839,0.443706899,0.432582639
0.415771275,0.438211972,0.43761353,0.415495531
0.419814028,0.422569693,0.407950824,0.375223811
0.363589732,0.359177955,0.347932146,0.335248024
0.32715227,0.318674159,0.30425269,0.28140375
0.416886789,0.389913546,0.387494933,0.375726289
0.378498616,0.371259698,0.35646954,0.336213411
0.301440002,0.283608019,0.252857784,0.226936411
0.331671419,0.31538971,0.303338149,0.283337986
0.317747018,0.293422955,0.254767626,0.222740029
0.340749816,0.346379958,0.33383361,0.308395269
0.292923582,0.275789675,0.254588427,0.231760189
0.285893987,0.291195071,0.275894554,0.256762784
0.272410221,0.258900317,0.229916793,0.208909807
0.282451934,0.256413823,0.228848693,0.201753594
0.282954392,0.262003113,0.242286954,0.219849505
0.294873378,0.270957762,0.242931469,0.209327999
0.283821757,0.260573322,0.236747046,0.21506431
0.297916026,0.293537468,0.269568601,0.240322384
0.324416778,0.313477454,0.296373453,0.27192149
0.323711944,0.299314469,0.276212399,0.258871086
0.353624715,0.35220798,0.331319997,0.325514916
0.300544846,0.283700875,0.257344733,0.235879194
0.255648732,0.244434793,0.225528168,0.206739647
0.265688408,0.252221511,0.227541206,0.207167538
0.246422306,0.234826369,0.216811237,0.199068777
0.281737899,0.26413184,0.245914629,0.231722054
0.31399257,0.311606211,0.295432308,0.28030666
0.32508636,0.286744328,0.265623983,0.243194833
0.32201525,0.307448566,0.292106563,0.267971521
0.3369553,0.332820107,0.335290918,0.32761883
0.244103322,0.234738894,0.221350639,0.205243317
0.365576012,0.398480154,0.389512405,0.374583508
0.371895986,0.383396556,0.373687198,0.358651979
0.369797168,0.380019147,0.360868374,0.331336358
0.326769173,0.320003144,0.294584189,0.276537665
0.320609058,0.31731838,0.301990119,0.285538298
0.337082117,0.341999501,0.329974932,0.305429671
0.364711046,0.359636558,0.36500154,0.347040776
0.317921869,0.322981191,0.313003922,0.299764473
0.352786618,0.381405577,0.439994684,0.342118947
0.354914155,0.349331255,0.327161993,0.310574366
0.319170713,0.316667923,0.302518556,0.277772977
0.364028361,0.370389662,0.368288366,0.35974445
0.365617604,0.35950414,0.343383651,0.327163865
0.358209736,0.358944877,0.349450766,0.338925833
0.362232248,0.356666982,0.346025393,0.324755399
0.302621173,0.291070318,0.266439757,0.24585884
0.343245775,0.359312911,0.367903515,0.376794497
0.300742475,0.285936577,0.261225638,0.232751518
0.360206453,0.39172517,0.392151634,0.368638803
0.349926974,0.349378726,0.32162489,0.316978902
0.350403893,0.347362625,0.335288034,0.348758392
0.369745015,0.38067209,0.378501322,0.369557741
0.391106676,0.393560877,0.382352127,0.363569501
0.281748968,0.278003172,0.259385471,0.241772655
0.309786752,0.321502021,0.302765436,0.285756546
0.325080371,0.316461348,0.32024489,0.314460547
0.328418736,0.319014047,0.290262359,0.28782158
0.320779368,0.313637097,0.273812053,0.245032632
0.318572907,0.355712661,0.365704931,0.36517406
0.29378362,0.274203753,0.25779048,0.24182468
0.286277121,0.269517482,0.238157692,0.216036116
0.284619493,0.270134048,0.24713113,0.229589318
0.298810109,0.282590633,0.264011338,0.248473169
0.307871523,0.287223813,0.271744895,0.252170396
0.311471914,0.316342705,0.306112111,0.288148098
0.303170361,0.306172645,0.292342477,0.270500116
0.295281625,0.287834504,0.263528222,0.23654556
0.318746154,0.298196819,0.279942636,0.256469163
0.294379034,0.28142155,0.266489491,0.251465016
0.27715285,0.26029907,0.237953175,0.216055236
0.340800478,0.320774667,0.318147284,0.303590331
0.32342886,0.329149991,0.317547505,0.302722563
0.358983439,0.373913392,0.364680427,0.360596501
0.412030056,0.406394921,0.39692743,0.386738087
0.376240788,0.385591526,0.378973078,0.353448908
0.347997031,0.363901975,0.346035106,0.332524525
0.344004722,0.338636161,0.330996947,0.31234277
0.336872864,0.329963591,0.303992277,0.277201232
0.307184234,0.301807165,0.288488261,0.277378601
0.314278135,0.312474846,0.291555367,0.279006886
0.297821737,0.298707637,0.288751622,0.270481033
0.339444829,0.342789492,0.332942106,0.307047344
0.323679775,0.330397114,0.323790482,0.31990697
0.327697021,0.315454762,0.301985686,0.282150837
0.304915541,0.284086201,0.265993185,0.23950015
0.307674084,0.29031477,0.261079891,0.236613962
0.301204782,0.275551826,0.242623511,0.228850888
0.287590197,0.27270111,0.242039101,0.215270019
0.268626416,0.246011468,0.215746321,0.193116718
0.301335537,0.292161251,0.266514712,0.24910072
0.278436281,0.266720617,0.240335046,0.215463753
0.286812707,0.268660781,0.243041885,0.222082591
0.295052319,0.278792411,0.246525535,0.225424756
0.290923825,0.266126279,0.241384551,0.225426063
0.363416207,0.365157014,0.353343165,0.333109421
0.33347505,0.335231558,0.31994899,0.309235971
0.336827014,0.337111369,0.332331855,0.311270707
0.341413616,0.371148453,0.362185658,0.352053128
0.31780415,0.33164098,0.331360126,0.318731077
0.332728014,0.336514457,0.332208722,0.333534772
0.324079952,0.32005824,0.305601137,0.299165548
0.297494774,0.275210242,0.251607171,0.22965952
0.325766373,0.332674605,0.313050772,0.293121132
0.35242432,0.361713376,0.360664907,0.348577292
0.340220148,0.329678814,0.314446394,0.298446298
0.294161585,0.286807414,0.264906787,0.235376613
0.30678037,0.296295092,0.276881106,0.251287787
0.375038532,0.358949434,0.334165168,0.313530471
0.369436171,0.362742404,0.338099825,0.316795105
0.358709153,0.357164394,0.342892289,0.320699091
0.339356181,0.349436939,0.350531645,0.342914428
0.327364638,0.322241073,0.304917522,0.276368991
0.354186856,0.397766337,0.417177361,0.389889644
0.329078783,0.307987369,0.292794118,0.267239627
0.337582466,0.353955541,0.330256766,0.309232417
0.308029477,0.310978263,0.299178462,0.284921165
0.312755454,0.310286947,0.296147652,0.281112583
0.312623553,0.313386144,0.302444208,0.27795211
0.303711354,0.29722282,0.284256311,0.269643974
0.319654704,0.284567183,0.267967993,0.256430509
0.219726877,0.210947042,0.204619033,0.197049717
0.269829901,0.249675246,0.22493539,0.19800362
0.280453902,0.252037965,0.224969397,0.200848109
0.298528495,0.291614284,0.266178165,0.248305904
0.293047914,0.286461845,0.262615338,0.239820245
0.297264035,0.28473734,0.26147232,0.240461599
0.281897182,0.264336514,0.2414284,0.22332293
0.286708816,0.256301143,0.22559004,0.197734123
0.286361911,0.25223304,0.215837564,0.192502987
0.370322721,0.346445437,0.309550245,0.286772446
0.28271472,0.261740517,0.239228301,0.217992701
0.281893743,0.267602838,0.24252337,0.223459256
0.284562278,0.263767105,0.24295982,0.226543965
0.30785782,0.320262359,0.310463248,0.283937292
0.309196983,0.32468097,0.317904695,0.303344516
0.337302699,0.351438024,0.345034563,0.332808996
0.303607278,0.295630285,0.279590762,0.254654182
0.373283514,0.389629535,0.377392665,0.348578598
0.317806125,0.321034315,0.349244403,0.299682784
0.369114898,0.333819025,0.385841999,0.352969868
0.34447716,0.335603384,0.3415487,0.354599495
0.344538688,0.35502031,0.378269185,0.332180754
0.28454324,0.267554805,0.246573762,0.228385785
0.270877068,0.270217437,0.247341075,0.223990219
0.289757686,0.282675116,0.25979223,0.245762152
0.29512052,0.277798951,0.263896468,0.243692708
0.339204284,0.339494936,0.320201838,0.305939348
0.360895767,0.353254263,0.332451043,0.31576954
0.37035046,0.399406013,0.39451821,0.38742972
0.38530761,0.392506967,0.386754938,0.377747036
0.375308835,0.373663283,0.357762867,0.336163369
0.376028116,0.400081821,0.38958792,0.367247617
0.339816275,0.341337269,0.333518172,0.322176995
0.331494449,0.323317856,0.309068033,0.293897829
0.345862347,0.356002202,0.356277415,0.351275839
0.386693235,0.393466153,0.422112858,0.411873592
0.340652593,0.348721511,0.352363738,0.344295935
0.340467542,0.344379199,0.340354984,0.337159973
0.336541419,0.33738762,0.326762119,0.310808726
0.326419875,0.3214134,0.309307845,0.287710838
0.322608918,0.317604652,0.3043027,0.2833986
0.327661362,0.335456029,0.322269447,0.302397576
0.353362349,0.357652501,0.339386951,0.317058111
0.319371569,0.325842405,0.310560105,0.285865135
0.286670823,0.294643763,0.285919637,0.268086537
0.414683003,0.442001925,0.435410366,0.424132964
0.342062564,0.349424043,0.336492004,0.331816139
0.327365611,0.336034506,0.331287198,0.327242088
0.261062824,0.251824164,0.22811409,0.205602758
0.28381732,0.278411285,0.258054196,0.243092701
0.322334158,0.320715939,0.301608363,0.287416035
0.311351101,0.333457469,0.321387147,0.303633671
0.418238659,0.441416404,0.428591761,0.416381084
0.333515676,0.310697515,0.294185355,0.301869397
0.514022576,0.555197025,0.54562925,0.520899577
0.497951719,0.53203015,0.569197245,0.635824525
0.533498703,0.573095463,0.577177367,0.562083522
0.31984809,0.337119105,0.328777115,0.315856297
0.342325657,0.357234992,0.331471154,0.308685853
0.214462291,0.224535248,0.210849652,0.187460759
0.303542294,0.304356423,0.298088764,0.269707028
0.323390001,0.342366689,0.334474605,0.320230434
0.309361188,0.332297884,0.327519615,0.32039001
0.347898421,0.361021811,0.346892695,0.339823656
0.419202007,0.448173664,0.449899018,0.445551082
0.317487742,0.33285532,0.334975074,0.322739885
0.234529059,0.22855561,0.215333245,0.198953797
0.331792193,0.347083296,0.345700554,0.324627628
0.270330024,0.270317378,0.26270985,0.252623153
0.31770856,0.315553312,0.302973319,0.285425307
0.251029213,0.249896311,0.240982582,0.231250175
0.2323504,0.223828033,0.212909401,0.20325276
0.328207765,0.326501152,0.314781842,0.311895764
0.328720088,0.332384838,0.320504811,0.310721495
0.324838235,0.324019098,0.313233027,0.306354483
0.301163159,0.288047421,0.279177649,0.269002705
0.242506557,0.223004779,0.203853722,0.189976822
0.243948228,0.24782186,0.239915697,0.22547411
0.369462622,0.386573833,0.374225433,0.371610304
0.251886072,0.256892698,0.257148631,0.253054131
0.451226687,0.468288441,0.455914724,0.437211727
0.356831654,0.350065253,0.349668188,0.350910424
0.387324018,0.39723339,0.393598381,0.377517698
0.418236565,0.429133205,0.411294591,0.386366274
0.346882876,0.364079709,0.359147663,0.352913865
0.272462288,0.271297308,0.274321383,0.273383284
0.343102226,0.338015017,0.324725207,0.305243678
0.369168551,0.421852482,0.418182654,0.372883091
0.278471316,0.281937665,0.270299904,0.260849852
0.439854151,0.436087513,0.426917208,0.411858177
0.373421843,0.375066317,0.366238649,0.357470764
0.395827898,0.396238342,0.40531822,0.384789755
0.396733501,0.412052419,0.409975624,0.409968302
0.328509798,0.340219597,0.346900564,0.33765628
0.302375878,0.333925237,0.334359861,0.291640295
0.319215754,0.29593547,0.266619069,0.251339675
0.315087854,0.297776904,0.279754208,0.27068513
0.325847344,0.314530207,0.298435478,0.277343592
0.350459377,0.343106928,0.317083986,0.291158109
0.366398162,0.385061996,0.370312614,0.360087622
0.34059007,0.346990779,0.331959797,0.313197286
0.2891427,0.281813285,0.270259654,0.259598889
0.349646681,0.337394058,0.307059446,0.275016084
0.42335169,0.441568224,0.438290296,0.440265273
0.3580958,0.399259592,0.414081517,0.387911627
0.388916018,0.419102256,0.412393574,0.389933679
0.289672428,0.280204684,0.27408554,0.263996107
0.35682692,0.38159257,0.385618564,0.375963336
0.345218034,0.372654899,0.380197071,0.364083189
0.341716246,0.400535557,0.418865734,0.416083006
0.342174735,0.343997085,0.341999582,0.340829948
0.321688672,0.290041925,0.260132125,0.230027057
0.349061649,0.336229699,0.324466929,0.295180261
0.438690761,0.458050676,0.455981541,0.454823949
0.46372663,0.477905487,0.466657279,0.448769754
0.419578336,0.412766637,0.387846585,0.350675694
0.388431822,0.410578991,0.40154568,0.384157511
0.362673729,0.364867839,0.355059811,0.35222083
0.407463865,0.451164285,0.469329337,0.479480009
0.41462699,0.437912234,0.45359801,0.460067466
0.422930898,0.413411446,0.397298616,0.394968277
0.458608128,0.485821136,0.489128643,0.490869313
0.360964063,0.403771488,0.408610042,0.373110004
0.398979301,0.410666455,0.38745146,0.371195365
0.301348517,0.315735753,0.337613282,0.352996892
0.422162679,0.475729489,0.508624954,0.514851315
0.290840274,0.278993117,0.262510061,0.242839464
0.278588777,0.269023123,0.256558479,0.236787372
0.279753447,0.277507095,0.264254181,0.24742344
0.490033104,0.44055251,0.547349839,0.504438002
0.416995845,0.438132407,0.421681822,0.415116136
0.346751782,0.390845959,0.399983016,0.401823201
0.314943771,0.319275361,0.320312023,0.308384435
0.496717786,0.507355675,0.501105493,0.483582817
0.46690768,0.495534519,0.480717502,0.467172352
0.554449897,0.596864091,0.598840309,0.596650599
0.297631576,0.324176675,0.358377207,0.310301179
0.384006861,0.437073037,0.377145443,0.367836258
0.427311699,0.43714921,0.447154112,0.433243708
0.323293143,0.315589404,0.301308513,0.283898223
0.25927535,0.278049453,0.281462992,0.286801575
0.343094654,0.347838309,0.330611937,0.310408034
0.347316329,0.345648572,0.322072425,0.290682858
0.439619744,0.468091692,0.474375868,0.466899099
0.395462734,0.426259901,0.436676824,0.429439278
0.373210652,0.379998876,0.351712324,0.298125087
0.29303418,0.290108673,0.276832248,0.253084363
0.289258145,0.269884912,0.244587359,0.218488556
0.275477641,0.255799949,0.229764964,0.204543772
0.282126107,0.265448757,0.235393924,0.208292931
0.290722008,0.254672619,0.222857925,0.200334804
0.363657815,0.342992938,0.328969916,0.313721701
0.293132842,0.274868269,0.246976362,0.223832542
0.316994036,0.320653178,0.297092625,0.281214245
0.324879848,0.315534233,0.299599834,0.28184209
0.348878922,0.356528412,0.361110467,0.348922519
0.258012027,0.230129615,0.199788796,0.175495457
0.340849191,0.349303468,0.340077948,0.310779409
0.381636456,0.365132332,0.361695541,0.342061843
0.421448769,0.415120571,0.396517266,0.373448433
0.329340432,0.332051662,0.34396732,0.332708848
0.278000401,0.26621929,0.244128608,0.224771664
0.314262107,0.316833979,0.294172658,0.267313074
0.273217929,0.257333723,0.23718793,0.216661972
0.285641476,0.267296709,0.248943047,0.227231316
0.440842192,0.464055242,0.457710081,0.445636364
0.413762319,0.430375882,0.443209419,0.43727874
0.227278162,0.242051229,0.241969293,0.233960954
0.361786122,0.365131428,0.357926465,0.349596779
0.284612914,0.260575813,0.233374793,0.212248798
0.291901508,0.273737595,0.248407819,0.223324711
0.232980286,0.228006405,0.217273101,0.196493344
0.296252821,0.29726885,0.286199098,0.274149062
0.306030671,0.298798418,0.284146684,0.265333162
0.291750912,0.293637507,0.287615172,0.280725873
0.43446152,0.447511316,0.453484158,0.455163391
0.397951283,0.40197108,0.382840515,0.363089456
0.385313767,0.4008781,0.386502534,0.361316809
0.404464686,0.397632644,0.391069508,0.368225184
0.399554398,0.3998396,0.404472069,0.385486035
0.331188136,0.341333413,0.330234747,0.316906349
0.264807441,0.252056617,0.237879476,0.222772453
0.316330851,0.321706271,0.313629223,0.293365841
0.332144292,0.343970189,0.352987324,0.353799472
0.248558925,0.293198333,0.257847279,0.200941471
0.243555415,0.271803455,0.263430667,0.216129139
0.161654373,0.162512605,0.157346114,0.153006417
0.322624512,0.323875609,0.301803308,0.285256336
0.318838555,0.319285817,0.301267774,0.275076358
0.305767904,0.316212859,0.31456942,0.316071033
0.27640243,0.290004322,0.280231133,0.262253968
0.265005933,0.268280645,0.260389224,0.25883263
0.199291575,0.20277563,0.199455324,0.195912652
0.32944057,0.324173652,0.306738681,0.280817219
0.353474304,0.371184076,0.362429006,0.343878075
0.25747885,0.258660882,0.255211766,0.249653119
0.32517254,0.349859128,0.344797585,0.334772763
0.243888283,0.257469337,0.249594616,0.236492545
0.275660927,0.272730865,0.266280331,0.260075959
0.289223783,0.269656961,0.242095154,0.225409722
0.267334039,0.249796488,0.224626991,0.196251843
0.37405946,0.379534215,0.3596293,0.342491693
0.351744644,0.369149557,0.351983175,0.329279605
0.29274771,0.286291679,0.26011477,0.233035097
0.294527983,0.293468839,0.282064965,0.265007732
0.356387424,0.387117207,0.385818486,0.358074289
0.284512054,0.273452116,0.254749555,0.242430849
0.33881079,0.346659457,0.337102079,0.316298277
0.266613468,0.249124668,0.226262547,0.207063612
0.283182635,0.266849528,0.242330451,0.223658498
0.314648594,0.307048492,0.302442407,0.303647182
0.274309204,0.25177563,0.223811348,0.206653479
0.275490996,0.253643227,0.216891983,0.189046204
0.310523105,0.289838634,0.265239209,0.252280963
0.27701613,0.25951917,0.23684503,0.213408563
0.279164815,0.262013275,0.235625872,0.212771576
0.289977417,0.255367622,0.223675484,0.201402839
0.243335376,0.231634245,0.221009893,0.202430509
0.250986898,0.238392322,0.210729682,0.193863843
0.35458018,0.386385209,0.406734123,0.397206318
0.285401187,0.259744522,0.232533961,0.216902985
0.283311653,0.268657487,0.246968825,0.227992486
0.346710769,0.342984799,0.33220979,0.313627372
0.35306656,0.345000502,0.320777366,0.282507776
0.428831327,0.436997218,0.430306834,0.399721913
0.397043352,0.420062957,0.405398202,0.394535298
0.435298105,0.442124618,0.440510729,0.428343239
0.334162853,0.363598896,0.365552057,0.349361016
0.301835918,0.313443221,0.308858542,0.292288461
0.384910368,0.410073199,0.404584237,0.399800884
0.407192606,0.399532334,0.377924762,0.372959475
0.380160939,0.358026527,0.357012052,0.339019402
0.306016666,0.302513347,0.2798897,0.255193778
0.272401557,0.279544277,0.268508479,0.252482998
0.397307364,0.423762332,0.406434486,0.391747711
0.395160089,0.409467111,0.401901514,0.384682899
0.449254188,0.439871415,0.435334136,0.413305801
0.394512155,0.407992007,0.412959685,0.403428729
0.307630294,0.304293319,0.299725566,0.309620126
0.350449336,0.386649388,0.402834648,0.414644046
0.423905463,0.435492772,0.426401551,0.416503338
0.492851014,0.514354612,0.520559273,0.526694089
0.396386023,0.427954901,0.428058591,0.416434149
0.325994683,0.335659834,0.346157631,0.368786475
0.311404198,0.300701108,0.288518601,0.292221558
0.32101035,0.321786463,0.322676949,0.323565403
0.322973179,0.325858562,0.323535679,0.334583941
0.29323575,0.276794648,0.249403773,0.241608558
0.290169266,0.269886765,0.245305677,0.228278388
0.327434407,0.313470704,0.291168012,0.270974239
0.338790468,0.333804547,0.323881974,0.30680588
0.343331133,0.361358468,0.363292116,0.3578426
0.405515629,0.420015488,0.423889655,0.422020822
0.343203387,0.342928619,0.344865357,0.345778055
0.356796475,0.358176162,0.353391552,0.354393536
0.400244914,0.405552277,0.417497508,0.415320787
0.348019632,0.336420077,0.334126682,0.32801963
0.406547351,0.418428614,0.413077971,0.400604057
0.3511459,0.385733753,0.323895011,0.308828511
0.286463535,0.27619359,0.257851018,0.244483219
0.363001076,0.354675782,0.328361119,0.306115619
0.329735454,0.326219979,0.314149425,0.297364015
0.33599945,0.332939626,0.317099178,0.301101879
0.325307911,0.323779784,0.31115938,0.299891847
0.391898044,0.394099924,0.372517284,0.353377719
0.36808242,0.374789592,0.351658605,0.322947691
0.260171602,0.263455576,0.25653469,0.243071793
0.278579875,0.280203591,0.265212491,0.245041315
0.255576648,0.264383418,0.256293468,0.248355844
0.308358128,0.305787478,0.292800788,0.273585697
0.314132629,0.292073317,0.266605955,0.25496778
0.340645573,0.338775716,0.338026968,0.347494832
0.395095126,0.384971888,0.354256926,0.322279602
0.444949682,0.328312718,0.365258445,0.345594195
0.36851253,0.365767104,0.359009558,0.348282997
0.422298519,0.440686775,0.421757611,0.420542995
0.350499024,0.35435922,0.348135442,0.335271965
0.351646059,0.375879713,0.377210312,0.376054279
0.393228704,0.41317183,0.417341239,0.416342347
0.342924257,0.330169225,0.313492631,0.289884878
0.356548315,0.352451215,0.342246423,0.319448209
0.270876706,0.276995944,0.27923865,0.275841552
0.280142283,0.28599033,0.28679565,0.283255627
0.379233318,0.38414803,0.380841446,0.367958505
0.386170988,0.383816043,0.361859742,0.356622896
0.304751868,0.324343687,0.299052141,0.271991771
0.391966157,0.4142329,0.386087011,0.352922398
0.341753906,0.357607299,0.345655155,0.32952289
0.31425516,0.312372942,0.294517247,0.286587298
0.338616542,0.346990548,0.340377293,0.311678454
0.411398787,0.414666302,0.394285999,0.374002392
0.365184698,0.361907711,0.364777308,0.361286163
0.343773744,0.360800937,0.351412827,0.342348249
0.370803841,0.38165225,0.365053972,0.355063429
0.409475007,0.43597698,0.43398026,0.405025966
0.338561881,0.33158758,0.321519195,0.304857627
0.345811865,0.374731207,0.368652267,0.353308359
0.403698095,0.395342922,0.400662695,0.40730698
0.410288804,0.427230189,0.419070617,0.405945043
0.268483757,0.270471478,0.266909019,0.263322418
0.2752934,0.278051729,0.261768736,0.245588926
0.390851492,0.387437313,0.348046264,0.307298311
0.468733248,0.490785187,0.527844708,0.590651776
0.38529488,0.400813975,0.379975554,0.378038945
0.367094108,0.390532213,0.387903932,0.364027069
0.468116004,0.463018711,0.426218923,0.423553278
0.523037343,0.533264195,0.474263994,0.435283229
0.464402447,0.544313162,0.553368513,0.535298395
0.472974503,0.492832932,0.498198042,0.498465882
0.311880871,0.303779705,0.272753618,0.255204407
0.279025978,0.259260043,0.224911807,0.196746665
0.314850988,0.280104896,0.268179652,0.246895471
0.300744566,0.301969958,0.289458995,0.281178338
0.346381705,0.316042827,0.295705864,0.276933494
0.326251884,0.295187821,0.264803126,0.245376004
0.341781188,0.337017286,0.316872749,0.301765985
0.341223279,0.299929318,0.296454827,0.277097707
0.273872707,0.254042962,0.209642722,0.172354608
0.270450316,0.237206997,0.192207458,0.166668126
0.318185726,0.309054303,0.295320949,0.275426789
0.268623309,0.260575079,0.240430883,0.216148036
0.250846318,0.243284567,0.221887546,0.200495799
0.301677279,0.278108975,0.238144279,0.223529735
0.269518566,0.241020043,0.214535495,0.191680273
0.266385703,0.242761092,0.216364811,0.195474989
0.235158782,0.231372798,0.212134293,0.193845164
0.352697294,0.382527806,0.391325621,0.408840644
0.255782946,0.248673682,0.225212109,0.201958954
0.285759204,0.260525815,0.231770281,0.206397443
0.275466381,0.250853008,0.2210396,0.195245573
0.272250839,0.277834304,0.270497863,0.265988026
0.186937519,0.187003243,0.179359461,0.170373232
0.301060968,0.286789993,0.259740104,0.234948685
0.378914606,0.388860285,0.375135357,0.36808796
0.35117112,0.343273262,0.297905324,0.254756981
0.384541892,0.372425922,0.355210732,0.325458057
0.366172021,0.376975455,0.374700828,0.345058784
0.354980215,0.333136063,0.297400536,0.299722868
0.328877198,0.313937277,0.287711731,0.280825176
0.299506823,0.297761858,0.279207756,0.276991911
0.304366643,0.293418532,0.282785102,0.27120369
0.410694074,0.419968432,0.430447976,0.434538259
0.457792567,0.467351524,0.47222328,0.458537751
0.364119054,0.387292636,0.376531929,0.353100229
0.403703614,0.39950616,0.383735886,0.362376376
0.481250508,0.466118265,0.441796457,0.431613179
0.413128067,0.485354699,0.495060982,0.487906551
0.400290249,0.409147718,0.414022876,0.416347852
0.453222393,0.465608772,0.45734433,0.451984787
0.457514388,0.446201758,0.418782057,0.38947155
0.463537902,0.483051308,0.480095864,0.490479283
0.444718182,0.461163214,0.477896447,0.479628413
0.445170413,0.451999291,0.444357979,0.436645624
0.41337235,0.421870144,0.420195721,0.411109546
0.431862613,0.441840826,0.430166357,0.409434726
0.461856666,0.468096229,0.472340776,0.444333084
0.456982528,0.473128547,0.483850087,0.47297932
0.416624786,0.426000097,0.42359291,0.410800574
0.474110526,0.485855611,0.477606276,0.45713051
0.454797164,0.478621259,0.461255433,0.469447179
0.44191757,0.466706509,0.460383523,0.444652351
0.42801068,0.450096158,0.420361544,0.403162281
0.423619424,0.446677534,0.439394826,0.444505456
0.434473306,0.436571465,0.431900048,0.420435561
0.415987853,0.432197175,0.428115067,0.405544008
0.403708025,0.413675399,0.404226898,0.40052347
0.478392618,0.499125317,0.498343615,0.480630345
0.403860204,0.414377364,0.402477997,0.38316274
0.392615436,0.399176135,0.39314213,0.36399994
0.453234481,0.475225677,0.477902788,0.480321889
0.38420942,0.377094851,0.341905024,0.320443333
0.344839433,0.336138523,0.302839901,0.283134503
0.314573185,0.296390706,0.274282556,0.262432857
0.367110065,0.358604722,0.333517555,0.309235988
0.334948736,0.338810091,0.318939166,0.306629379
0.365175203,0.33885188,0.338803408,0.338144537
0.36517446,0.349614563,0.335271885,0.31701448
0.34329331,0.345022835,0.322522264,0.299961338
0.389596629,0.409799817,0.436690382,0.430840627
0.578017899,0.625419848,0.634497674,0.60503881
0.344145635,0.339453728,0.324390601,0.293202189
0.428109486,0.434300655,0.409306108,0.385330159
0.342331323,0.329664366,0.316724255,0.303569332
0.437644755,0.426740006,0.440217653,0.422782873
0.455627302,0.481199563,0.496382577,0.501941909
0.421091462,0.453425915,0.463438723,0.436126832
0.404989182,0.406637057,0.371542265,0.33421326
0.406806315,0.415687271,0.395341071,0.379190628
0.273262393,0.27237501,0.243864589,0.220943755
0.366051565,0.36352566,0.330732068,0.310934871
0.459581896,0.478965506,0.478836513,0.476422542
0.440918864,0.458718075,0.453725426,0.441922308
0.440328987,0.448787786,0.431612638,0.423429211
0.4645557,0.50403277,0.519920695,0.524635878
0.422197933,0.425921656,0.407165528,0.357309993
0.30707586,0.296736203,0.291577445,0.264336672
0.419491895,0.408029115,0.40864462,0.376558722
0.407874145,0.420184895,0.392581219,0.392483724
0.324658998,0.325678039,0.307799987,0.303995716
0.430908683,0.421223553,0.3569242,0.359090021
0.456852219,0.504561532,0.514575681,0.523325658
0.235042882,0.239093957,0.231373379,0.226608209
0.453352684,0.481901911,0.510592836,0.458391979
0.225250212,0.230002943,0.206140766,0.204782651
0.429752279,0.39846117,0.390311083,0.360696423
0.3396582,0.372090594,0.369481296,0.357445152
0.321729916,0.353372185,0.346007931,0.320991343
0.376879294,0.401961441,0.403207956,0.382723247
0.44301025,0.413731881,0.387156781,0.34650993
0.394090806,0.388112087,0.353572756,0.322351076
0.427397979,0.445309291,0.426919213,0.416883121
0.37406632,0.397214528,0.38289421,0.364366753
0.391120621,0.424407963,0.41508098,0.409608139
0.408082768,0.408612085,0.365200389,0.341208987
0.410830701,0.42880408,0.326411524,0.315444632
0.378345632,0.416638661,0.427163651,0.430832738
0.372966552,0.390303391,0.393705829,0.383346644
0.391802812,0.404787058,0.365811799,0.355186915
0.371279706,0.393110506,0.39465973,0.393319446
0.291422166,0.30042065,0.289141428,0.275565948
0.361648331,0.38532003,0.374628322,0.369642333
0.4569325,0.508018768,0.524028667,0.54207285
0.465634201,0.503552746,0.50929921,0.510602879
0.459823681,0.487095932,0.496871386,0.50959577
0.312366207,0.358429274,0.350570417,0.318956127
0.419862287,0.504233776,0.568773998,0.543040933
0.439802661,0.483189135,0.501971938,0.514916542
0.359112024,0.402784017,0.420535953,0.391123987
0.311586453,0.30062923,0.286294791,0.262182193
0.321292289,0.316610156,0.290132975,0.268722655
0.318387885,0.306950346,0.284614234,0.264033819
0.435821163,0.439811158,0.443861413,0.426177734
0.325195595,0.372938708,0.399428083,0.40691197
0.386421913,0.408102374,0.398861043,0.387288579
0.358038649,0.362610543,0.362093173,0.346070845
0.271733818,0.269454938,0.244868239,0.219828145
0.285957503,0.279042057,0.261309931,0.231337524
0.408425382,0.428082169,0.421846051,0.402366568
0.415107934,0.430781317,0.411471515,0.396371514
0.412347695,0.419478901,0.432420695,0.434488676
0.402051888,0.422003718,0.434776234,0.428410886
0.467111824,0.471038272,0.452203437,0.431308739
0.456560613,0.458409713,0.454337347,0.436389218
0.378237663,0.39039965,0.380174552,0.365863745
0.364914467,0.368028791,0.362320371,0.339134332
0.31320671,0.300164557,0.283382373,0.260971634
0.306166122,0.303834646,0.285654718,0.265684535
0.32071431,0.325047718,0.316309013,0.293314263
0.381329364,0.387425957,0.3778154,0.345857538
0.331807884,0.301818622,0.292621757,0.266434648
0.316355324,0.328415826,0.314573801,0.293508997
0.392316796,0.396440146,0.376076655,0.355665649
0.324177286,0.323977128,0.310068401,0.296072921
0.409623445,0.413020639,0.406134096,0.394344071
0.387720019,0.399053768,0.386261498,0.363553279
0.366955113,0.367002105,0.360107195,0.346491723
0.423514375,0.440489414,0.448917974,0.423439479
0.372672714,0.368501863,0.342308691,0.314990395
0.40410226,0.393254809,0.36391165,0.325488281
0.347273416,0.374608119,0.369416143,0.347954864
0.346173897,0.324239087,0.301518852,0.283170286
0.355556208,0.350482637,0.33034352,0.313162701
0.427082369,0.435321872,0.424623958,0.415031598
0.388468172,0.391074635,0.3766404,0.365920086
0.364868473,0.360377724,0.338255504,0.314093248
0.369879213,0.383733015,0.364309775,0.348435293
0.35758772,0.343396971,0.312881074,0.281219452
0.331114959,0.339825966,0.317088243,0.29213112
0.333819816,0.319159522,0.291361178,0.262539512
0.33351843,0.331001562,0.306766356,0.270394504
0.308243722,0.291497157,0.261845137,0.235021685
0.287978809,0.287735223,0.276629622,0.263049766
0.290012975,0.287512286,0.264616814,0.244242993
0.217768694,0.214741423,0.195093526,0.181326306
0.309694929,0.337292276,0.327626261,0.304582897
0.326877688,0.327558551,0.313601664,0.288710355
0.453296595,0.485168648,0.487326729,0.468036704
0.34938538,0.356846124,0.335593118,0.313259554
0.318350569,0.316403128,0.300894662,0.273907283
0.335206583,0.349375575,0.333572503,0.313189674
0.322559664,0.320500944,0.291520496,0.268343766
0.336899426,0.339986105,0.326355465,0.309827946
0.376164848,0.368177586,0.354297753,0.334560117
0.372455835,0.379731619,0.361708614,0.345100029
0.425831951,0.432939443,0.403642756,0.389972178
0.301457113,0.297948624,0.279384797,0.254490267
0.313663725,0.330151231,0.317711802,0.293539522
0.288293788,0.282807781,0.258121747,0.235359892
0.270594385,0.261635568,0.236194028,0.211768755
0.342032939,0.335405076,0.32220727,0.299245724
0.38486958,0.377703622,0.36560783,0.345156773
0.394287893,0.392265708,0.38554446,0.373723915
0.311755312,0.305880847,0.284070169,0.261177738
0.283600343,0.276412357,0.256557368,0.234215293
0.327156339,0.328491038,0.315145207,0.293822318
0.353327812,0.356924636,0.333646231,0.307909946
0.300289457,0.286170325,0.269081995,0.245986832
0.28857448,0.287413665,0.278369361,0.256248962
0.33613792,0.334527432,0.315842741,0.298360814
0.419299803,0.433984568,0.425737104,0.408109663
0.268362343,0.259753372,0.245832856,0.225289107
0.295881908,0.289819885,0.263359671,0.237293505
0.315173583,0.295643445,0.272217018,0.245165283
0.301808691,0.308307144,0.306257886,0.292376773
0.346831843,0.352506738,0.341749192,0.339282151
0.299866913,0.295473266,0.267080654,0.238938221
0.416932254,0.420113055,0.38661689,0.35394701
0.373593387,0.374083583,0.360111644,0.349250089
0.298245003,0.290614138,0.26442017,0.237043283
0.295772739,0.292216861,0.265995077,0.251010787
0.293690682,0.290501225,0.264773385,0.244192143
0.309155726,0.302700166,0.270802577,0.237411749
0.297426295,0.29175302,0.264184575,0.241273135
0.255540034,0.263269006,0.244147263,0.218323523
0.345044284,0.341913397,0.333356814,0.315192296
0.31918914,0.309573048,0.288081204,0.261789435
0.304061324,0.302727534,0.282447573,0.254121313
0.311783633,0.298965724,0.269170487,0.237572962
0.356062609,0.352728101,0.329686209,0.301486379
0.333972711,0.326790842,0.307655057,0.288479775
0.358880825,0.355289053,0.346445387,0.330144884
0.402451351,0.409560592,0.397075331,0.381012637
0.414078314,0.434913304,0.429868297,0.413403877
0.436206578,0.446178173,0.457092365,0.450227315
0.329495631,0.314616128,0.29348399,0.268466603
0.336364321,0.333566219,0.31165248,0.286104747
0.33538379,0.346003938,0.329903728,0.311689754
0.418830553,0.417517595,0.40276504,0.381910191
0.291252084,0.293978069,0.280002902,0.265579706
0.347850007,0.347207734,0.327285179,0.30496233
0.343491216,0.341302193,0.321656543,0.304643767
0.380022615,0.380719363,0.36339602,0.351300062
0.393826225,0.405426238,0.397725609,0.374881404
0.384308172,0.366050383,0.352366833,0.317797208
0.291451299,0.30550897,0.303114455,0.288609337
0.29921325,0.293950196,0.276342621,0.248034297
0.248025571,0.241948012,0.210970352,0.197303459
0.300133915,0.301804298,0.283126964,0.26219141
0.287347021,0.310203377,0.313245461,0.304997098
0.359836608,0.372694174,0.364972469,0.345943024
0.392846598,0.386676106,0.365328172,0.340324204
0.368199113,0.37728565,0.369822898,0.358800398
0.343617956,0.365127551,0.361984934,0.35560111
0.384452631,0.393862087,0.355754476,0.330908071
0.311962798,0.32385256,0.303465009,0.283069609
0.328615877,0.337784939,0.323123173,0.304192787
0.304860502,0.304127368,0.303211867,0.299129542
0.301155266,0.304033492,0.304018709,0.296841474
0.312849289,0.318767564,0.296671154,0.280591287
0.298703445,0.306056725,0.286652158,0.261749247
0.330360052,0.316554292,0.293060238,0.267976006
0.337700984,0.335996615,0.334200399,0.29284978
0.385883973,0.404567609,0.389527187,0.381574158
0.394915543,0.408375073,0.439392281,0.447856673
0.340043976,0.349282276,0.311028105,0.306088178
0.344803523,0.326918897,0.316360243,0.299033004
0.367545432,0.359487599,0.35154505,0.322400031
0.359567632,0.389174339,0.347813442,0.307248391
0.343237378,0.313016831,0.305835462,0.286194311
0.386167656,0.398606406,0.395169648,0.389206527
0.344834812,0.353573642,0.321552616,0.291244267
0.362688234,0.358391382,0.338517788,0.325019653
0.359279362,0.387953525,0.371173384,0.362176644
0.352768359,0.348176242,0.319712479,0.295338517
0.384258806,0.396163528,0.398316458,0.389167882
0.335999728,0.344331699,0.327517295,0.353804672
0.281291448,0.322390003,0.317509888,0.253408195
0.336949826,0.329890605,0.310279382,0.286348145
0.342088952,0.361653471,0.350966278,0.242684343
0.333150478,0.332107038,0.313253406,0.287856852
0.3223274,0.326240689,0.307197419,0.278971028
0.360071442,0.361026264,0.32574874,0.325985775
0.280308972,0.297236564,0.264113438,0.238146814
0.291761834,0.279618862,0.252664745,0.223769957
0.274824075,0.261922437,0.243546317,0.218245841
0.304871135,0.291037039,0.257265363,0.221511963
0.330362077,0.328071124,0.27303989,0.2425705
0.301154353,0.262508023,0.236718909,0.21266505
0.279414025,0.268358763,0.248495448,0.23068618
0.318541093,0.312581932,0.314644722,0.30465419
0.374083004,0.393705124,0.378504468,0.371039201
0.415988999,0.447794991,0.439251417,0.418474875
0.35112754,0.34929551,0.334793517,0.310697228
0.30643128,0.297111688,0.290234171,0.289726421
0.349588892,0.341605102,0.327133383,0.30379958
0.384771888,0.390555528,0.387178959,0.382675183
0.332379498,0.335669423,0.282857822,0.270959791
0.381475933,0.370230146,0.360982851,0.356025873
0.358447528,0.325673691,0.300855287,0.281563182
0.330832339,0.334713734,0.298907249,0.278855559
0.339731794,0.325851302,0.293056815,0.272371453
0.402963424,0.415616072,0.401089572,0.392668829
0.321360341,0.34054024,0.30947001,0.278809617
0.355656431,0.346684353,0.326870116,0.291967138
0.326137857,0.340567319,0.312272421,0.294211158
0.316075464,0.331930189,0.332742898,0.293496315
0.334057876,0.343368151,0.32106484,0.301781492
0.350300696,0.356718114,0.33123402,0.315682739
0.372024964,0.390128204,0.375331484,0.348447903
0.403183136,0.401474433,0.38603167,0.369510617
0.410035982,0.478355165,0.444912913,0.476766142
0.416588523,0.463069375,0.444846141,0.479967793
0.416788718,0.487575924,0.458547178,0.478877974
0.391881056,0.437700479,0.417815844,0.444251686
0.396362336,0.458885361,0.420573377,0.430726126
0.269552262,0.244006422,0.208072162,0.180730651
0.3543281,0.358723174,0.332567666,0.306623424
0.368736183,0.376215033,0.359777542,0.330016303
0.308599356,0.317335949,0.299247849,0.276288421
0.320584728,0.330769847,0.299155066,0.268883647
0.410445405,0.426595705,0.424640395,0.42339612
0.398961137,0.4276965,0.436621706,0.431305338
0.391548453,0.400555269,0.396355123,0.388870425
0.318328199,0.343861413,0.357526442,0.355937128
0.414903624,0.450874945,0.451388637,0.44931607
0.383639032,0.388948388,0.375842254,0.364036699
0.389261925,0.412814773,0.400713684,0.393342168
0.35253426,0.360352319,0.359229082,0.329471924
0.379253094,0.393712783,0.382284973,0.376028181
0.312117363,0.317592765,0.305077415,0.285102988
0.31182223,0.317575001,0.304770475,0.295512575
0.311226654,0.310354666,0.297706252,0.284076939
0.3305096,0.340978362,0.332308438,0.323890748
0.383881101,0.377890304,0.359771356,0.340020421
0.358428308,0.351766679,0.326065286,0.311934954
0.341129822,0.325209395,0.29802286,0.2787057
0.364471393,0.348957942,0.323187893,0.295155196
0.374698516,0.354695334,0.342755125,0.323360716
0.409237703,0.377941759,0.370464062,0.351172335
0.273623046,0.285905508,0.26788923,0.245492899
0.285566753,0.289030444,0.275728225,0.247507106
0.303953734,0.313132745,0.293399989,0.270049286
0.282084926,0.297197202,0.285240493,0.272062252
0.269891972,0.29913281,0.29348427,0.272981518
0.38562802,0.355716958,0.336492678,0.30858471
0.401753392,0.362111307,0.339450688,0.314334673
0.346373184,0.318110898,0.305002377,0.280606586
0.318592238,0.312356973,0.2971677,0.27207653
0.300911967,0.3123984,0.307104421,0.295060314
0.313405744,0.338826401,0.343309708,0.323723114
0.315991447,0.334921701,0.327843974,0.30849103
0.293849016,0.309132202,0.303558677,0.283784736
0.284176966,0.276376998,0.26500636,0.253007836
0.320083171,0.318878921,0.306867095,0.287867335
0.275871047,0.281094478,0.267343262,0.252883178
0.292056809,0.311198348,0.307250893,0.293818452
0.305963754,0.332608046,0.335971341,0.316120388
0.223900498,0.23381858,0.235856755,0.229085418
0.309070622,0.32144949,0.316031926,0.297516127
0.433802958,0.301977761,0.327280494,0.274598622
0.407549857,0.302612593,0.294750397,0.275127348
0.418019197,0.308258393,0.334105881,0.279960143
0.393188422,0.31700412,0.322218191,0.291881875
0.32224952,0.300605292,0.287446599,0.26865436
0.385522427,0.25296048,0.273879482,0.218500939
0.434218812,0.314796442,0.352525122,0.298088747
0.375940543,0.340056575,0.265646654,0.264941243
0.423658827,0.290966765,0.32430461,0.261274296
0.373501359,0.330058474,0.299469853,0.280188994
0.390696355,0.332097794,0.290697778,0.270405116
0.334118589,0.286940745,0.263967464,0.244166615
0.379151947,0.351355628,0.301195505,0.284175966
0.372356036,0.326076212,0.29849083,0.264355756
0.333885906,0.312207875,0.278974755,0.261225052
0.364210545,0.366265708,0.342107672,0.338786586
0.292590189,0.315006279,0.314019977,0.298473571
0.325083084,0.318069192,0.321407479,0.321116011
0.329743094,0.317063189,0.296417755,0.276716734
0.336339473,0.339208899,0.326288424,0.304908187
0.324049652,0.313488063,0.294146014,0.280273847
0.296204975,0.29168085,0.287550136,0.284438189
0.315114995,0.306898735,0.300727331,0.286024416
0.199679743,0.207416746,0.191468056,0.195084751
0.369987059,0.38423055,0.375848777,0.360103357
0.304639296,0.310005439,0.313340121,0.298676586
0.344040724,0.364170568,0.341039556,0.319881908
0.311997242,0.324005932,0.311449728,0.293538115
0.347197666,0.355069396,0.348957046,0.333493973
0.327364415,0.330499143,0.322956305,0.30678977
0.253789212,0.271387478,0.263972647,0.249225575
0.32502527,0.313728246,0.294132133,0.269774499
0.344847427,0.293748668,0.286948886,0.26956114
0.400287264,0.31401516,0.289415991,0.268997435
0.386301252,0.319644579,0.269629274,0.25582773
0.275734069,0.265803973,0.242861563,0.224648444
0.31822828,0.295902087,0.253660191,0.227940348
0.298454375,0.298019447,0.260260528,0.231009704
0.406716386,0.411278797,0.240725619,0.30305202
0.440389564,0.300081555,0.293039067,0.251651314
0.408267022,0.290639824,0.302704429,0.256782453
0.320870937,0.296728953,0.269399064,0.242089411
0.300499072,0.274163654,0.245773864,0.223135325
0.284083746,0.275362181,0.248990085,0.221090793
0.324969524,0.308987748,0.28626903,0.271246749
0.293067338,0.282336523,0.262278667,0.244392879
0.338366057,0.317055572,0.298633605,0.273360234
0.334474892,0.303635555,0.27775124,0.257704487
0.276821794,0.262815089,0.237692174,0.210593999
0.314918424,0.291682097,0.257601499,0.226677573
0.362665014,0.355747449,0.330885852,0.293807916
0.372771914,0.39321747,0.378050708,0.344734426
0.42341066,0.444197028,0.430687468,0.430803677
0.343054016,0.315673821,0.282558251,0.254729413
0.324740813,0.31424187,0.298851943,0.277060108
0.325695395,0.315666602,0.304042217,0.285624862
0.346977857,0.350919096,0.332135921,0.305656373
0.334308455,0.329180961,0.32371827,0.2896508
0.351847923,0.340416608,0.318736947,0.307542044
0.379707268,0.394543484,0.385707944,0.372550716
0.339518246,0.352897798,0.342116221,0.322243742
0.354856509,0.347071893,0.328332802,0.312651807
0.367289887,0.368126915,0.346690804,0.328121341
0.351113395,0.373569625,0.362264779,0.349556057
0.319248658,0.335389935,0.325980714,0.309271776
0.270694044,0.282515041,0.265627453,0.241471013
0.333905184,0.31823667,0.295710637,0.274742433
0.358083938,0.353848157,0.332540014,0.305690593
0.265879848,0.263179818,0.253322261,0.23971219
0.378508554,0.382571729,0.366998933,0.369573055
0.38204145,0.412039538,0.410705092,0.400786138
0.355616181,0.352134879,0.33862145,0.324420294
0.329086872,0.33505583,0.330805951,0.303461833
0.325939031,0.353154184,0.357140041,0.324435354
0.288449355,0.29542763,0.263725225,0.239990886
0.350526838,0.370589584,0.335758954,0.304996379
0.40589449,0.418336548,0.418444693,0.422291976
0.383772215,0.380436942,0.373043269,0.362767027
0.347093427,0.361036671,0.337372689,0.324220899
0.323252587,0.308963519,0.278262047,0.245764918
0.377052479,0.370114765,0.368318713,0.33977272
0.352885512,0.345687299,0.328261238,0.297056335
0.362303259,0.361575565,0.340712647,0.314872804
0.333862008,0.347080831,0.330261279,0.317945706
0.37528441,0.394156283,0.38945585,0.365589791
0.337208604,0.355046597,0.347918142,0.306684641
0.348940597,0.342432045,0.322315522,0.30815668
0.373534934,0.397050017,0.377216548,0.353313676
0.333479079,0.337617437,0.313778851,0.29032908
0.368018384,0.378512782,0.348656286,0.31028787
0.338552167,0.326137719,0.308299286,0.287139199
0.366660519,0.366670564,0.347715749,0.33804854
0.330204472,0.329678961,0.307810077,0.289322307
0.34799633,0.359583022,0.349333183,0.327441098
0.38430118,0.384240718,0.368509569,0.344125622
0.396579592,0.428743074,0.407173583,0.402256965
0.408452939,0.415468383,0.410767386,0.390407144
0.409023862,0.429761403,0.418643695,0.424352834
0.3835629,0.411796135,0.414420998,0.408821117
0.310911073,0.321714309,0.321781181,0.305951191
0.321640086,0.320003942,0.300650914,0.270693493
0.343683663,0.338260772,0.315634335,0.282984116
0.286145476,0.278021253,0.276226228,0.274585063
0.317301549,0.319581412,0.306085792,0.290736329
0.363166954,0.373448731,0.36397219,0.338475567
0.364423385,0.381589399,0.359721327,0.333280246
0.314730368,0.321594711,0.306940427,0.287557236
0.31910924,0.314152069,0.295787677,0.28486249
0.340659566,0.334537961,0.308817517,0.296097734
0.350652331,0.348613449,0.349779904,0.309599774
0.40971524,0.456749932,0.418951722,0.429466351
0.392308214,0.42007137,0.502295353,0.557222057
0.340155002,0.352965417,0.363959567,0.337945017
0.393284131,0.393095406,0.3880592,0.381605097
0.370189517,0.382330388,0.378446405,0.38795085
0.397275786,0.417804049,0.404176744,0.390347825
0.392519664,0.439664713,0.405686899,0.377016505
0.385406256,0.388720482,0.384055846,0.372918926
0.310618428,0.311761216,0.289950814,0.27581069
0.324723608,0.32481452,0.317763327,0.326020636
0.33830273,0.343342904,0.332909097,0.310913132
0.286226986,0.256347731,0.22133679,0.192869114
0.424281763,0.417014478,0.416762684,0.434324725
0.399109168,0.418312719,0.403357508,0.426465497
0.347400081,0.395670137,0.41303575,0.420078016
0.390989337,0.421939209,0.434789308,0.451223388
0.318147657,0.325134791,0.311277106,0.301244518
0.324526437,0.319642781,0.285259921,0.259449194
0.420046309,0.410937406,0.398427018,0.377688856
0.384330601,0.396637227,0.38248212,0.350982943
0.392804414,0.426871739,0.398041112,0.374526653
0.341582842,0.345301112,0.315390178,0.292794307
0.392520419,0.382211204,0.370521805,0.356598214
0.404414288,0.401467294,0.382222318,0.365306529
0.360135695,0.362895101,0.34859968,0.33824634
0.300263702,0.302924028,0.290708279,0.268229658
0.356455481,0.366088374,0.360723311,0.346103194
0.391903258,0.401773731,0.38518805,0.364305248
0.299664852,0.273553395,0.224963262,0.201914981
0.280767731,0.254843878,0.222958703,0.199930814
0.389146498,0.408686901,0.406291759,0.404475768
0.379821407,0.381722235,0.369747575,0.352809491
0.292606545,0.273553824,0.259634789,0.244373977
0.426953086,0.455056075,0.445089052,0.419430724
0.373855239,0.375070912,0.367247431,0.331875156
0.253720471,0.23888717,0.222396302,0.208790634
0.281861576,0.301206085,0.302990459,0.289972411
0.306724021,0.304604326,0.281192322,0.268442104
0.270113342,0.260281809,0.236933043,0.216240301
0.295760426,0.292955615,0.277688508,0.26425538
0.41325891,0.413971397,0.39389609,0.367087334
0.409444655,0.402620963,0.399606157,0.398467059
0.370589629,0.374147983,0.343389666,0.313364981
0.403253099,0.429363571,0.432388344,0.406291543
0.406311882,0.423883981,0.420192948,0.405220142
0.426163116,0.468263543,0.469504902,0.463571817
0.360630528,0.363864173,0.360633987,0.346432275
0.368236443,0.401511771,0.363242689,0.331241337
0.376161691,0.377194306,0.357086035,0.31583836
0.386546924,0.417858317,0.404943833,0.411964123
0.417005353,0.446684568,0.442159691,0.403269468
0.443987293,0.427280574,0.424694649,0.414300759
0.430685841,0.42997698,0.448208413,0.445370777
0.434034006,0.453588061,0.432327385,0.418146689
0.375762918,0.375157614,0.367665593,0.353369252
0.429650012,0.419622356,0.420433357,0.416341356
0.41399268,0.467526562,0.448525272,0.454519054
0.346505364,0.342819682,0.326460232,0.303332505
0.332072014,0.324610818,0.314259104,0.297982887
0.360455358,0.366046898,0.354016141,0.33200499
0.386515939,0.386221643,0.372858592,0.3586696
0.401366981,0.411641565,0.402320952,0.387441803
0.350217501,0.336548473,0.320103748,0.307108219
0.400929243,0.400262238,0.390148693,0.381456526
0.379943324,0.378303143,0.370714156,0.339614195
0.289784926,0.303952852,0.298876229,0.300591217
0.355624949,0.352955842,0.331269763,0.321514183
0.313540281,0.316111051,0.307868933,0.294231912
0.299777836,0.296762634,0.292138338,0.271202564
0.419288015,0.330169747,0.335728865,0.280342005
0.246837663,0.248119893,0.242343198,0.223181926
0.297080372,0.29140524,0.281426209,0.260822267
0.310362008,0.313896184,0.291475803,0.261450742
0.332134797,0.312031645,0.288764867,0.26810698
0.338947332,0.347080445,0.327288838,0.308784001
0.315191659,0.329319405,0.331579897,0.315441333
0.343741553,0.320347777,0.262605895,0.239379573
0.385309655,0.320978719,0.268822485,0.25116546
0.299869009,0.441338776,0.183231573,0.203425538
0.418703416,0.306450267,0.302873491,0.259401536
0.384022028,0.319745544,0.292903906,0.271126628
0.406369323,0.320531901,0.313339266,0.266907806
0.331245896,0.304295612,0.261987684,0.224226565
0.267585553,0.277760977,0.261911259,0.242505936
0.275618444,0.279926731,0.269723913,0.251650247
0.36513968,0.338835453,0.342318919,0.31850592
0.235981827,0.238062825,0.230706733,0.232850482
0.42999912,0.242894234,0.26550818,0.236402795
0.394102304,0.254027837,0.278747252,0.243064205
0.394044725,0.281777642,0.306065342,0.245192547
0.375444986,0.260822976,0.274386068,0.238303631
0.289576668,0.416298765,0.491872349,0.231073875
0.221487144,0.311774123,0.324244874,0.200473858
0.277240377,0.402309129,0.566331061,0.337645188
0.346091603,0.603095345,0.491307602,0.276213648
0.369990937,0.297428013,0.250846348,0.241341516
0.312588188,0.296918054,0.2630947,0.236051477
0.450894615,0.302471139,0.340399141,0.28308724
0.466296609,0.231841235,0.301117322,0.258765818
0.516569482,0.263483884,0.422679022,0.341777079
0.40243847,0.432551467,0.439966674,0.424204549
0.432112776,0.407125759,0.466285326,0.427930174
0.315727855,0.316325331,0.310253132,0.306311724
0.342395958,0.340309089,0.325062071,0.310021645
0.401343236,0.414031631,0.409263377,0.405768673
0.375336943,0.382143545,0.362179421,0.338679362
0.431936176,0.479834954,0.514267409,0.478367154
0.411105895,0.417316721,0.410221543,0.410080646
0.426093006,0.437672983,0.432092751,0.430412823
0.233291536,0.276537329,0.285903924,0.258992779
0.325663543,0.347359716,0.324191125,0.304400582
0.348446406,0.306102057,0.228386677,0.238185973
0.453599571,0.334178792,0.274548395,0.281520266
0.377838576,0.305750924,0.281936014,0.249174409
0.324310765,0.317444515,0.277571966,0.243634381
0.288789108,0.289678888,0.271553274,0.250013479
0.447109124,0.306937466,0.329910455,0.292111779
0.395301692,0.294862791,0.258227455,0.223230003
0.357155769,0.356556603,0.317294705,0.292147946
0.296875029,0.286725966,0.266205748,0.251896802
0.43134646,0.378587388,0.340656562,0.3248276
0.382377698,0.330283566,0.299472996,0.265421655
0.378936654,0.331439626,0.300034775,0.274423891
0.35705599,0.364129219,0.373354851,0.345447926
0.362567697,0.385541236,0.400539425,0.413988587
0.425368235,0.424149876,0.411420504,0.408602274
0.280683463,0.289472991,0.276591618,0.27003226
0.308582495,0.291976783,0.258777732,0.23032712
0.321380592,0.309353564,0.269556793,0.249132266
0.286724962,0.285875342,0.271539328,0.266032083
0.302482787,0.299374419,0.286255521,0.262062294
0.259081591,0.271531733,0.256459741,0.231877135
0.30585046,0.301885495,0.280329349,0.258000177
0.314711344,0.311148942,0.283712335,0.256352997
0.300501052,0.289992238,0.262786978,0.235565101
0.400120941,0.41542725,0.410437431,0.387007965
0.304088075,0.3240023,0.332744195,0.329365562
0.294592037,0.289737007,0.263591768,0.237115465
0.356217291,0.35918486,0.340295322,0.318897366
0.350094301,0.351696094,0.325155409,0.295432891
0.363192236,0.358797185,0.342167226,0.323572684
0.376422999,0.376663513,0.356685651,0.339994688
0.363672827,0.364408123,0.356758045,0.345171928
0.375028412,0.38115148,0.362978532,0.349083121
0.342109561,0.3369249,0.304160248,0.275504722
0.366221869,0.362141748,0.335484297,0.312604787
0.381239586,0.393995218,0.399053353,0.389875087
0.396328785,0.399639591,0.382735677,0.370823508
0.390574888,0.392052479,0.379221477,0.366417042
0.425707455,0.438052293,0.419029117,0.405713013
0.404379865,0.40951506,0.390126206,0.373202879
0.396642159,0.413449504,0.398987276,0.384781009
0.369961052,0.373681395,0.368693596,0.351707311
0.34555917,0.345003874,0.321997083,0.293886058
0.371783899,0.387072312,0.382264899,0.363140228
0.35224332,0.351024165,0.3308642,0.300609741
0.363587215,0.328814796,0.333392466,0.295777451
0.277314611,0.299761407,0.313854719,0.307850843
0.305538418,0.293321319,0.270350073,0.24793616
0.392602496,0.404681726,0.39610558,0.382550149
0.353264228,0.347935991,0.327845596,0.301625118
0.356098044,0.346460927,0.330712229,0.303551764
0.34389473,0.364098987,0.370350172,0.366673695
0.317511721,0.316100931,0.311762585,0.300478793
0.318927984,0.310154841,0.287974803,0.261839066
0.328490293,0.337771635,0.313866015,0.290840997
0.297986769,0.298548538,0.288377847,0.268115758
0.391469783,0.393346881,0.387787368,0.364245164
0.371659058,0.380639513,0.356801721,0.337029982
0.370175386,0.380260388,0.3718643,0.358393814
0.351147532,0.33839454,0.318703633,0.306534237
0.33933766,0.330187392,0.307159999,0.286441871
0.412265263,0.411242833,0.408193028,0.402076466
0.36126286,0.361351629,0.365063456,0.368873267
0.269027054,0.284394184,0.282490689,0.279488919
0.281923564,0.296991322,0.282479746,0.259966669
0.308331407,0.298165841,0.286709465,0.269090318
0.294774504,0.309668294,0.309005868,0.294466645
0.333261935,0.339714934,0.321645199,0.300967534
0.418088441,0.452216569,0.455560329,0.45568314
0.331775822,0.302997237,0.278201436,0.253928157
0.428520926,0.483689052,0.534217495,0.530417171
0.42197986,0.42932098,0.431756197,0.423653074
0.323244433,0.308341517,0.281388309,0.254131462
0.345289757,0.327511923,0.293800385,0.264338729
0.399675019,0.401890341,0.390448018,0.369722853
0.39737387,0.40433376,0.381140485,0.364107808
0.412533772,0.4342892,0.412261475,0.388399395
0.355434494,0.346922886,0.319650345,0.29795053
0.397493891,0.406720003,0.36513182,0.34558854
0.343176173,0.357049152,0.343751833,0.318933022
0.317208525,0.301720646,0.280592851,0.263535285
0.37722379,0.402329768,0.393254324,0.369099036
0.332712343,0.342499138,0.310189707,0.299973574
0.288927646,0.285474626,0.263465373,0.242384794
0.317296206,0.360520302,0.319964776,0.274553621
0.311003669,0.31446473,0.298468538,0.280178615
0.249558662,0.263385998,0.260849026,0.255230645
0.43943473,0.449686138,0.437497977,0.422040952
0.570595961,0.626876559,0.617976807,0.593038483
0.410176583,0.4404073,0.454009929,0.46663457
0.493484921,0.540566206,0.538914176,0.543675286
0.460657965,0.482545484,0.489719564,0.484111465
0.549891455,0.5969748,0.61461746,0.618729792
0.448097304,0.480345263,0.505731544,0.520792025
0.536934995,0.549460835,0.564945115,0.514586267
0.349328919,0.363432649,0.319450142,0.306038819
0.434853694,0.439343419,0.430844346,0.413938714
0.499525984,0.543278029,0.546373228,0.545741388
0.48238826,0.510860957,0.518910247,0.508443246
0.482190035,0.522158175,0.524524534,0.521150162
0.415544477,0.459125803,0.493208876,0.489381978
0.385000428,0.406768501,0.388963425,0.386738783
0.455321314,0.48496482,0.482990973,0.487817331
0.396478223,0.412389482,0.446392357,0.452552806
0.451877495,0.445730715,0.413554915,0.39737779
0.421244233,0.421000057,0.405715361,0.400370005
0.392822878,0.412501901,0.39855176,0.363375453
0.321423143,0.315008292,0.291213487,0.281737449
0.340123337,0.327090092,0.31970243,0.303202172
0.347931194,0.347389811,0.336959313,0.320821874
0.319303496,0.314881356,0.298940495,0.279196017
0.281175515,0.248448509,0.216153678,0.191456189
0.314583139,0.288112018,0.258875083,0.23113011
0.297039495,0.2874541,0.287307213,0.265250906
0.302085062,0.285339037,0.252208614,0.230409759
0.362292707,0.355076651,0.341324465,0.326062172
0.304834758,0.274518237,0.248916634,0.224473322
0.287509281,0.265425218,0.236881469,0.203190604
0.320086976,0.286722536,0.262070673,0.237495345
0.286058696,0.267090323,0.242610045,0.222744565
0.325797308,0.312630087,0.294759278,0.242677148
0.272403952,0.271247107,0.248300849,0.229607165
0.20639537,0.213276471,0.202211184,0.185601287
0.315553159,0.277285481,0.248902696,0.231051908
0.226978107,0.232590557,0.221278555,0.203924594
0.243697994,0.234533909,0.205923742,0.186480069
0.32620653,0.293631795,0.259871998,0.229236228
0.281588916,0.262094845,0.233758857,0.207376459
0.320863231,0.30580479,0.283395219,0.231285973
0.323479175,0.304419228,0.283587291,0.275365922
0.342904463,0.331469612,0.319652542,0.299961844
0.325516385,0.308505008,0.294666079,0.283090077
0.358724449,0.316844296,0.28755025,0.267389021
0.361317024,0.329654954,0.293478425,0.272084012
0.278529311,0.263834697,0.233241486,0.209608181
0.367306132,0.330157993,0.284739694,0.246972401
0.345549437,0.355890881,0.315167125,0.30638587
0.320402742,0.286605484,0.239935377,0.209951676
0.413685802,0.416479935,0.404185421,0.383409116
0.393716184,0.403265622,0.388847637,0.363464767
0.345532234,0.312175431,0.275812982,0.243810373
0.334597845,0.291645136,0.261164577,0.234338566
0.370111845,0.344938455,0.291230529,0.25471816
0.343434725,0.349679875,0.344343165,0.331994402
0.354686232,0.340210659,0.306380582,0.275725577
0.399053078,0.387876123,0.355122232,0.333142314
0.391322319,0.390312674,0.361941761,0.327588934
0.363492086,0.347975457,0.312850578,0.295562403
0.360711561,0.33859712,0.31135348,0.284818218
0.373750706,0.343377602,0.322718981,0.306965901
0.376621246,0.344169835,0.316811926,0.302674639
0.358865029,0.324633936,0.285075066,0.264951149
0.419795912,0.399869446,0.358165268,0.326094123
0.329278867,0.342497999,0.33404998,0.306208396
0.358682043,0.335933956,0.298948667,0.270436231
0.364712152,0.364910273,0.327589637,0.297336355
0.321775295,0.33255186,0.323863914,0.294489383
0.342891157,0.335143206,0.300595478,0.265088686
0.400693843,0.447512398,0.499386953,0.482319415
0.35296717,0.324747464,0.293862928,0.262677285
0.333048359,0.319170427,0.291170565,0.266345924
0.348223744,0.317820758,0.279425617,0.24493379
0.349780925,0.341791314,0.307704725,0.270026236
0.337284063,0.33144342,0.326351912,0.306145791
0.330295818,0.330297901,0.324011194,0.314606261
0.355293073,0.35273339,0.344000695,0.334926094
0.388189408,0.368898945,0.354403304,0.332998515
0.452672586,0.467497795,0.46966174,0.455572145
0.400200291,0.425514577,0.438237933,0.447406164
0.390929388,0.415310357,0.414919404,0.40979498
0.337133454,0.348585227,0.362775632,0.36598201
0.362790881,0.385928305,0.385384794,0.364393701
0.491048444,0.504199366,0.510605647,0.502035416
0.312585704,0.322405963,0.323698105,0.319782412
0.375925527,0.378773375,0.369175957,0.345419186
0.393462481,0.389559599,0.376309496,0.369924995
0.386596951,0.375327271,0.36248606,0.342078192
0.47576771,0.512709338,0.564214996,0.59840338
0.403469126,0.420165598,0.43194797,0.441582227
0.435389518,0.413598033,0.361846262,0.306679315
0.388409268,0.384234402,0.374061548,0.354651784
0.333972821,0.324551441,0.316077221,0.302925254
0.497074494,0.468779356,0.473593803,0.442823294
0.36334565,0.369751157,0.363632654,0.350558375
0.384350947,0.403000749,0.405144649,0.388391199
0.369685171,0.3916445,0.400308574,0.397784145
0.376819019,0.396855594,0.398772261,0.396085687
0.418886688,0.441441157,0.439783947,0.441727833
0.422228404,0.445637418,0.45420873,0.439296541
0.363704909,0.358511205,0.339194252,0.321218196
0.36890008,0.366013565,0.349676111,0.323232484
0.349162716,0.349700372,0.326459859,0.301860872
0.37267007,0.345915616,0.36378965,0.330661315
0.360053865,0.357526931,0.351022353,0.328627776
0.390131302,0.390271933,0.370493374,0.345805124
0.453149909,0.48127013,0.484032995,0.489277809
0.387710422,0.377708819,0.353209231,0.336012541
0.341954756,0.326042942,0.302294663,0.28543592
0.345695073,0.31052611,0.286443092,0.268086478
0.345990751,0.350610384,0.338437009,0.320746042
0.4041971,0.380131809,0.407494569,0.393991362
0.324992292,0.299361455,0.279094293,0.256571408
0.326178733,0.317259591,0.279772282,0.239071361
0.411025511,0.437447709,0.437278957,0.434630413
0.355402519,0.363496491,0.351069183,0.333774811
0.329520818,0.322467789,0.3099321,0.297397389
0.368587122,0.360022111,0.336751926,0.306850119
0.308509952,0.301283096,0.290828703,0.278232272
0.330484995,0.319419986,0.309931279,0.295202236
0.420271812,0.429799126,0.425138246,0.414789783
0.334464887,0.343853153,0.332764529,0.323413465
0.268936924,0.253023451,0.22002316,0.19806966
0.280403367,0.287011933,0.283768631,0.272250304
0.289884448,0.261300718,0.226850202,0.199113952
0.358998872,0.309677401,0.293108999,0.258961151
0.389391433,0.392400405,0.391660414,0.387648922
0.410070653,0.427624662,0.4268054,0.410081469
0.355397189,0.367781446,0.360405548,0.357662088
0.365586859,0.36965907,0.360813569,0.345680331
0.400914781,0.408946404,0.39879748,0.382393733
0.293372766,0.266942795,0.239802072,0.214832072
0.292482048,0.265494205,0.234622727,0.215933524
0.350257437,0.360633562,0.363415738,0.350653736
0.296330177,0.305324013,0.280038661,0.262165092
0.3552234,0.381748241,0.355097711,0.333729731
0.294691128,0.322094593,0.322768169,0.314511324
0.370670035,0.3656767,0.352479684,0.342368521
0.351132791,0.362683947,0.349105615,0.330645715
0.430555987,0.426768623,0.404603838,0.383442183
0.370851097,0.36332818,0.347373324,0.333076405
0.346782307,0.345457357,0.33456365,0.316189677
0.283939452,0.28362865,0.267873924,0.251938541
0.396166538,0.389741335,0.365101828,0.345289367
0.499947656,0.508715214,0.499911468,0.479997051
0.399587341,0.404143814,0.391111329,0.367188163
0.364886112,0.366891984,0.367143678,0.373955968
0.305718484,0.277596317,0.249228023,0.21960897
0.390625527,0.392343359,0.385371318,0.362935241
0.330877384,0.318458493,0.300398743,0.29146315
0.348780871,0.350748577,0.329977127,0.314606735
0.379778187,0.389452466,0.395302086,0.395344782
0.373764496,0.358023054,0.345301762,0.334554963
0.349913427,0.334763556,0.32205419,0.314259957
0.406302445,0.3981449,0.371160908,0.352046926
0.396700286,0.39220952,0.371519768,0.351433736
0.354562647,0.355921841,0.340298664,0.33117295
0.40515928,0.403402176,0.396336576,0.399924453
0.411832816,0.4227006,0.4128215,0.411217677
0.378109227,0.386549789,0.376723014,0.360637211
0.379345785,0.38943057,0.374747259,0.36122133
0.381218798,0.379852469,0.357557858,0.355010785
0.263300061,0.258161873,0.242008594,0.21978242
0.266490093,0.268047217,0.249203946,0.226871602
0.26982539,0.273899422,0.255729768,0.238593022
0.325341545,0.340480743,0.380910281,0.374826015
0.292922866,0.276681446,0.252823463,0.234157821
0.411287223,0.436722347,0.432349612,0.396172723
0.377037961,0.389591671,0.38257981,0.337072096
0.403701732,0.395378212,0.403791539,0.383584474
0.329028785,0.317417203,0.281021627,0.264823887
0.380689746,0.362535116,0.341888932,0.321643012
0.401154387,0.436003108,0.434564998,0.428934501
0.375281967,0.414479195,0.405377616,0.396470933
0.332404638,0.321727399,0.318711281,0.316774896
0.333018926,0.349047275,0.374961708,0.39752104
0.314663682,0.31633876,0.303051463,0.30099294
0.317084103,0.30787514,0.295071179,0.285492857
0.389905697,0.407626262,0.394624066,0.385045845
0.34880015,0.353038031,0.343036796,0.32565647
0.307112126,0.294831433,0.272772252,0.254747143
0.333405081,0.320714757,0.302119087,0.28886635
0.288179626,0.276960097,0.257069794,0.235069571
0.285002322,0.295568717,0.295594809,0.281585849
0.313420517,0.313783872,0.275997449,0.238230049
0.286869209,0.26291769,0.2287843,0.199933093
0.247120977,0.259762591,0.249324143,0.24521874
