MF5-JPEG70,JPEG70
0.11287866726293704,0.054789697722199174
0.13973803329108428,0.07379637899399963
0.09727386741429911,0.05903898185624933
0.09018553609988204,0.058818133386438855
0.10028238064517762,0.05421052855608447
0.11017894819175905,0.05158340457893528
0.07277440356320168,0.04668848174889783
0.12052729525438245,0.06623966805814929
0.12476801343379755,0.07232697378756539
0.09512387036007848,0.054057643350190615
0.15753630149625808,0.0930694746595417
0.09894116801837988,0.05121055641071361
0.10843468193615163,0.0647468902045206
0.09991035073947786,0.049915968832434765
0.19124428472778604,0.1286446336134117
0.1675698643291424,0.10128514216641668
0.10790453331202284,0.04952523824842347
0.11460290417134457,0.04837343222863849
0.12919026374125997,0.06981843541003564
0.1098623062960661,0.06795261016786215
0.17342402345625324,0.09925533713349083
0.08394953740561888,0.030349558032452848
0.10359663597362562,0.05008583209459061
0.0785969928312837,0.031332824342928216
0.11765768975592546,0.05787541805771387
0.12116264955868664,0.057021277327280254
0.11648530584116137,0.06653532647850924
0.18193807908265536,0.11082936661603365
0.11875485603121763,0.0630763304129271
0.09262508323286005,0.04822867598219276
0.131021831440789,0.0894047992213838
0.1318100901872391,0.07084577474702508
0.10807491100077649,0.059303943321089424
0.09203065283040673,0.04239718143257968
0.13429511554116155,0.07974601033017345
0.10779745129511625,0.04198213773908315
0.07926639838108966,0.034783976930553254
0.11031353785862716,0.06553299375721933
0.20412515759331235,0.15121078576324054
0.16680609650639192,0.1347020320533082
0.13828915770628666,0.10182664494111349
0.11967171737093985,0.08172079256780614
0.12808479594521932,0.07619140894463491
0.16825858114724251,0.12845977898739974
0.13522189142814367,0.09341848618690345
0.10263550792428239,0.06471213697264874
0.2551515607241986,0.2088031612051064
0.1261250731454169,0.0900711611197741
0.11771079782076607,0.09227050252542104
0.12368805051068314,0.08072811881460355
0.20357136627320208,0.17135898387242882
0.21132274451391259,0.16399827850251839
0.22405689179889943,0.17748883037069416
0.2064811838815631,0.16216973774181392
0.11157707621485871,0.08011456801122582
0.15246016077775362,0.11376305274360278
0.1463322808555924,0.10475042302978109
0.16936527621200087,0.1409184959949236
0.12889929796800575,0.0902937101476554
0.170689485641856,0.10129768421699545
0.13780821915619343,0.07588614494689629
0.12391737843055058,0.07923269026976984
0.18399923113787683,0.12424907860327594
0.1387250286594845,0.08386596479710658
0.1413321642325348,0.10171333786200146
0.12125289081618841,0.09431036080395458
0.14843568757463674,0.09472561367439555
0.12005855426507021,0.052815311794448025
0.09535392512938094,0.06621562038994833
0.1606533873274405,0.09532671188268659
0.1919521065429211,0.14567726804727704
0.18281751390712464,0.1366703103781913
0.17912177564197318,0.12570143588549962
0.1612404828612492,0.13809370765819426
0.11855090027337264,0.06367794886490173
0.18402076184672028,0.14160794935304252
0.1643873017151671,0.10787891248684914
0.07520805225056258,0.03261637521286643
0.11792041659940916,0.05983560791420422
0.07651095323328626,0.04535117537587346
0.13718957237395948,0.10768756949355923
0.10479090658895722,0.05701601881637066
0.12291011214651469,0.07124110221627838
0.08468719534046266,0.03191161375633464
0.08143320959816058,0.0337980931142135
0.08914828868428458,0.03111321496325131
0.09161510315347297,0.04949239853961837
0.08978430071747155,0.04264606119096938
0.10686603340693437,0.052095445161966354
0.12523392553479826,0.06904351718780542
0.11013639864122278,0.039315325417862236
0.14361058190394194,0.07046898148611896
0.09583906633986748,0.04672305865241941
0.08538769769036393,0.05047349020109743
0.08180959294128232,0.03302376660058519
0.074890044598179,0.034766723784169035
0.08700257889400174,0.03960019666694379
0.11122493570320377,0.05229812618201201
0.09724996340851566,0.04184520219903636
0.10752031586657507,0.05065321544704902
0.162760113200355,0.07249395179927871
0.10495928998627305,0.0770060261177748
0.188192706938576,0.08623253429104237
0.1675547941541631,0.08078155047555002
0.16242232636539491,0.08319740360229443
0.13350491405770548,0.07733945033315376
0.11611621675030204,0.06598629786423256
0.14972659399580446,0.08387670308146607
0.15140677742840952,0.08927834709437267
0.1287905209675064,0.07196485771398665
0.13208299423420838,0.06303860856886759
0.15499146187976648,0.07965409431079763
0.11903361095811833,0.06150203265401882
0.1564051690220071,0.09855546154044634
0.14297551076924062,0.08353686910414106
0.15171552474727729,0.08581078994938583
0.1515850186484079,0.0837554148464716
0.10802820357012703,0.05422951838504835
0.14636422733940843,0.08137745302423395
0.09841296442575631,0.05082881848342847
0.18560469029997795,0.10890553127215132
0.15192405086315175,0.09336366774635094
0.15001390705476028,0.09359778233920733
0.17358715607241043,0.09829713245880296
0.18664223920536843,0.11057140965888425
0.1396806339075833,0.09726070756237316
0.16680925283861675,0.11645410207300903
0.15988549957855752,0.07865348997313695
0.15145412224476648,0.07994886808363666
0.1369284704832772,0.06850984375954
0.1766373722663856,0.08297987677603698
0.10067326349192873,0.04774908152010586
0.08893938380019387,0.04954734728645387
0.0895325485750379,0.04024010268492684
0.1018648527343115,0.044722060588620015
0.12061062122149457,0.062387504926230616
0.1425212495645059,0.06091176074900702
0.13567619788551744,0.06738152559644121
0.10973782790678983,0.05624889482679637
0.12238636978739728,0.0771486051634439
0.10974709050205998,0.051114991017383815
0.0879172653279233,0.03801262695463884
0.13117254220776037,0.06283030047673263
0.15195652889538033,0.0806399834239513
0.17131948139906986,0.09569587093483314
0.24511807408103636,0.1910586232012064
0.15881233076436643,0.09255946352538243
0.15985111858223003,0.07174779860001382
0.1479145314548168,0.07503566047928535
0.14398900294092543,0.07340737584389401
0.12928951139859562,0.06162794968663138
0.14406686065526172,0.07068611358214175
0.13015504282711107,0.06818541912880892
0.13532106797726054,0.07457340647259722
0.18158814591062,0.07646003627881084
0.1544078400113389,0.07031125770490297
0.1292354068261936,0.06209599886403006
0.11221887998865267,0.05801357699806828
0.13341223365753946,0.06508849590971443
0.09551853648333479,0.04933223493134975
0.08232856896067911,0.03915234305670272
0.11686855229579558,0.05154714699387085
0.10499809835360134,0.05401676694976008
0.10199105267773667,0.04893964435579566
0.1094976561036082,0.05344626239557055
0.10469760259856392,0.049660723023470014
0.15652846129756584,0.08938094059648907
0.13062130232739994,0.07900709739998174
0.13862671054402065,0.08093194704336222
0.18095083016132113,0.08943480927490446
0.15326375629739153,0.07785030799544032
0.17545522492744692,0.09819771544731896
0.1475799446024234,0.08816965825399704
0.09683567890109662,0.04689356236459767
0.13266227666981745,0.06301144259024921
0.15314688830147472,0.1033057146514435
0.13371685710367773,0.06786423726088447
0.09592444819541643,0.04777209304634108
0.10375283481058939,0.04434029945318642
0.1518639264321359,0.095480493966821
0.14835229279024212,0.08925281280823426
0.14061319278393788,0.06920356902657895
0.1483267336112185,0.0667526943675379
0.11803896086818108,0.05769817257270573
0.17466711190793074,0.10337309756852864
0.14988833063986684,0.10018375392529043
0.13686208470452757,0.07189828369758812
0.10750308547484694,0.049252343210764805
0.11261226467040712,0.053170396760833315
0.11418168108154457,0.06070774687669365
0.11344550084387404,0.06317113788470345
0.10695173201973962,0.07409994345089178
0.12085347577717444,0.0967483741667006
0.08585348490049108,0.037862532663839335
0.09610265428176702,0.043325535383974746
0.11819525458027035,0.056755953247886744
0.10603877885821378,0.046826030240661946
0.08949436346039173,0.03847347939621071
0.0873518326037115,0.0336374419038743
0.08733809633667187,0.025571383641624104
0.09162602760818658,0.034044559619357095
0.16333272385713196,0.08695451730536069
0.1075510845574984,0.05862820571626521
0.10546430945521966,0.05017365607452628
0.11864070164274708,0.05634233764079544
0.12585596137217198,0.07905859826145273
0.12698402240587228,0.07925330862073948
0.13446891687309687,0.08826849165421938
0.09626089897261582,0.04680440056230389
0.15661156343021995,0.0941978822958439
0.13528254193678543,0.07287515234938302
0.13089490873566262,0.10335479410312269
0.11937219388011279,0.0773922524306145
0.1542420102133484,0.07645304900583863
0.09968449625752206,0.0480285608355363
0.09961050887803818,0.05692485249187087
0.1135780335302913,0.0521897524911476
0.11687993229438494,0.05398234436781122
0.13225609854058318,0.08914730254850435
0.14413857532266816,0.09285614689825963
0.1744439472674668,0.11307704713336221
0.1697457849924583,0.1348013523003638
0.15700412818263743,0.12146569693358766
0.18400698578005062,0.13733619418195295
0.12969432284030097,0.09581649673160829
0.12374690979994304,0.09250330541716613
0.17522546838932868,0.136184139023417
0.1922164307381809,0.14053363531626667
0.18281311616086093,0.14081359827746245
0.17173788447017577,0.13875054302246193
0.1391767235931376,0.07979562616035782
0.12137869138808992,0.0778983429851457
0.13509014703883038,0.07909312553621062
0.1457265994165905,0.10427319357222982
0.15653727435677786,0.09570873172428601
0.1269580314470467,0.0860423737253776
0.1325592914511469,0.10574468647211649
0.24146284407408516,0.16869668707919486
0.1563109757052583,0.09858555696220499
0.14080589756484896,0.07450556793083761
0.09701239338787548,0.04792793109030173
0.11418309882543387,0.0505785498138201
0.12323355571025651,0.07746177364574508
0.13842616482206685,0.09799449851946032
0.21705533018344889,0.16366366793027418
0.16858215264028753,0.09300936479232809
0.3137411764231446,0.2484782755570891
0.3073960007552081,0.20583930644216192
0.36486930707596243,0.2910949145935579
0.15445501229220301,0.10224495498905341
0.16459012136499326,0.1418075018927445
0.10335535023198,0.09039541834789318
0.15525310367201922,0.12415331132762755
0.13460335287876088,0.09150269916778053
0.1965354852553758,0.16261360688271978
0.15431515290940578,0.1106131994120967
0.2048641113694909,0.14144788877167683
0.18333255464361017,0.13608948522186656
0.12527405346208076,0.11087489719246069
0.15179025147391603,0.10914887649707646
0.1271830292418995,0.09435098384325528
0.1452332880925845,0.11389592721787135
0.11927816117842857,0.1012641524580675
0.13590670258859175,0.11218213951751346
0.1769095572189165,0.09208809081092643
0.1830809012853373,0.09197046674845989
0.18176573790465947,0.09381938715381996
0.14818697280049278,0.09951886710691747
0.12301714952540602,0.07234305291176732
0.13003597360747135,0.10585121382980751
0.22593894397065667,0.16217449784997473
0.17482531355771175,0.15611979646328517
0.2328075504866752,0.16194611492255917
0.16055230090447054,0.12083773329412706
0.13090438942712113,0.08960749727105387
0.17895153891014243,0.12606328879862466
0.15488091155848613,0.11626167072823501
0.1280781801144672,0.0828121813263154
0.13471652185148433,0.08949591956799118
0.19357320748530346,0.13201231038912467
0.12591544480588468,0.07994537074270856
0.20814157786753262,0.14410068981814778
0.13865500008883017,0.07740794747112045
0.1769222939055115,0.09807175147039306
0.19860626299670583,0.1028505060221505
0.09656468696595716,0.06471643285554388
0.09275314867367014,0.07066244054216145
0.12163421303558236,0.04883751133582526
0.14127221611903237,0.07280000563462607
0.14049074385797178,0.09573179682970469
0.1724241631558342,0.15205421563796306
0.17270013235033177,0.11311071956937607
0.16485888336506155,0.11369572667184986
0.1376910799672796,0.07060084580118005
0.11433868158911815,0.05793668592150389
0.22028164845636455,0.16197110881302812
0.14650768603061695,0.08894192811375674
0.1642156171214752,0.12851308547510884
0.11414231561027902,0.06187372676204043
0.1405006669017761,0.10209069352987714
0.1560778853793637,0.11336418244237027
0.20217742300453,0.13066370070788555
0.15032507656484412,0.10657446786992354
0.08594754634216847,0.04163243290103239
0.133589766388953,0.08016122671819217
0.19543577078430777,0.12476951288312553
0.21114731496133943,0.15099773526944762
0.18035319273960504,0.1127061800194311
0.19630836594780227,0.15511604849914618
0.22225740289852536,0.18032836362506452
0.2687050649929457,0.24381168745474824
0.2679755613606929,0.2219519614425444
0.19983520365860863,0.17711865320541434
0.2381259538458132,0.17985265262458394
0.17364681713125446,0.13610724077728922
0.18915451456645035,0.15637938430087106
0.19586795802665904,0.12430525506639342
0.3447504903728201,0.2888756440112278
0.12342589577997311,0.0691092709405058
0.11888782893642698,0.08076020883377932
0.11597410915752615,0.0794037738069148
0.2195161872472041,0.13543869599804848
0.20167394253396764,0.10835234363042509
0.23955471835649594,0.19039002799216595
0.14370654755105156,0.11470603465202679
0.2186129937590247,0.15926832704310104
0.23962918502103023,0.14719763534404506
0.28296046547731446,0.22071277353169594
0.11856523150974392,0.08157395077894262
0.18394259810477362,0.1487418222795351
0.20284155381718552,0.1456989800945122
0.13380320827817985,0.0978239925119289
0.18220011825071727,0.16449697517170103
0.13562141358219393,0.09117830892398732
0.1380317454104411,0.08499040927171009
0.2868601277382584,0.20252494569185442
0.21175168189573892,0.16120490529175863
0.14177702016107677,0.08257291179888562
0.0918268629724386,0.03757254942173862
0.090438277708751,0.033976765290771246
0.061995056741235594,0.02054373091779026
0.07273084944372506,0.02973120312913595
0.08977546015282234,0.03424908171997316
0.12182345950436901,0.06216628651497397
0.10732091924110089,0.043251928663582885
0.12455867363135428,0.0817482949056243
0.12882059256732456,0.08976344974723507
0.1307977807617025,0.06162492594528517
0.0918467303007985,0.058862158359527544
0.10796462398485118,0.05225019151628177
0.1854692899398245,0.13280228885355919
0.13614266964135555,0.08706761827104298
0.12170143657336671,0.04181609163739373
0.08917261367782756,0.03307382496676677
0.11629057883022378,0.053672119265240556
0.08696885597606542,0.037942003150515616
0.08602828243379036,0.03625775328410231
0.17824816075170172,0.12802456436020543
0.19302506121840168,0.14516277429252933
0.14588453975116514,0.13261803549860005
0.155840499100185,0.10877850618928389
0.08347284288158303,0.04200333348805024
0.09873208535113787,0.05199024985470964
0.09560208598563961,0.051917829801369504
0.12626906806902632,0.08619925058530123
0.13641310184656863,0.10295710471982379
0.1388418026144601,0.1052971074651613
0.15796195890181514,0.09871074918713829
0.13069719999296145,0.05705936715114059
0.14516793013538282,0.07164556136775886
0.13768812383963386,0.07407645919017058
0.18003817750613568,0.11527870143884936
0.16076251952188617,0.11722197582754366
0.12313202908091703,0.06493519970087294
0.1675232988690008,0.1043701917714255
0.19714823003305562,0.11261941280314214
0.07362144316551539,0.02415558146988671
0.07911271965854282,0.030130828302477784
0.10132522776154909,0.09651591772099
0.13914497303819387,0.08108186127391633
0.12641708762154313,0.07254896969314421
0.14647504459012875,0.12436898633337751
0.14563787628623548,0.10387965905121906
0.13443526191815325,0.1015461648261464
0.12102489551432359,0.10769648184333946
0.13522844057642763,0.07297025120635355
0.157150319088716,0.10596040627541306
0.1360658365869956,0.1112050146719133
0.18017613871481694,0.1491058938964678
0.1309479633669868,0.09634591616357017
0.13181230187011395,0.08001895662707825
0.09902893572205364,0.039475996451562606
0.08187547223164833,0.028641573635272026
0.13126652984959686,0.06023823579581452
0.1264906875806201,0.06841846301583222
0.13308265467472297,0.099664364799479
0.15866564464351593,0.12150477542326757
0.14058931295736946,0.06894635325486125
0.09439930401865433,0.033393187591917915
0.11989297025105308,0.04490461116875717
0.08585381137897567,0.032710014406222204
0.10955175483171864,0.04572036267211095
0.14950009320347463,0.06598795681804966
0.08816774234163115,0.03628349171509349
0.08582444459075281,0.0327468454464404
0.130426245108568,0.06465384981779675
0.10201552237791915,0.04656017687766051
0.08762338367771821,0.03814035364804549
0.0713670731946339,0.03530413799788649
0.0888609985083368,0.049862747746871675
0.07670885638559148,0.03824154134431553
0.1884193595343139,0.08344082505371705
0.09582554307810176,0.030677764213235658
0.08544655956720583,0.034594971950953075
0.14511230107052997,0.06985953685816261
0.12550384117819735,0.08383455403455457
0.1834668914170839,0.11720476783512605
0.18218919052230345,0.10093825974020919
0.19679197049150787,0.13179775050467687
0.1897790756639856,0.16190347219815726
0.14431320417350185,0.0965417055735965
0.17931044241345376,0.14898324873363292
0.1649926478627034,0.11274412461277535
0.16498865811259839,0.08588764118937905
0.10919247451284246,0.06414091094800248
0.13822480482078753,0.11261881266072052
0.20656846909251364,0.13116653501107545
0.1852017845890855,0.1138872174883593
0.21134840884878228,0.15569440225640707
0.20653735458975356,0.13054103943682116
0.13679120932296857,0.05644624580994148
0.20775462459672994,0.08260922532286229
0.21316237312954994,0.15644961378129357
0.2836875552349623,0.21776142397505693
0.199927448160376,0.14605322316108826
0.17196496192975005,0.07000283909019739
0.1378328534031955,0.06506994026303556
0.14213530273494285,0.06553901510066251
0.14520539412385092,0.061302251676722375
0.11143700218312592,0.04521776854440367
0.12330766244158645,0.05225801827296125
0.1394773059794108,0.08797144324987279
0.16621250248965697,0.09172338069694881
0.25377090523863177,0.15358592606267146
0.19675883960253007,0.1264884197191873
0.14035541428481182,0.0676033575465665
0.15854694023126012,0.10484619454965864
0.18781252065386575,0.1216008817540519
0.15175051202635542,0.07439937617409181
0.17917288940063178,0.11067137436948657
0.16730126245911028,0.09445420166775875
0.10182786519782197,0.04190517537475075
0.1264165801354468,0.07737770087970393
0.12606466552106124,0.08219116425193063
0.1325227708450755,0.08802038677566933
0.12366191477586867,0.08293472406227481
0.17378291088181702,0.11269807725426362
0.1468730860412121,0.08801753743544913
0.12168442980718391,0.0945227498054093
0.10941935640424144,0.08419178320690966
0.12091706307282613,0.10558521986581844
0.13326166133458728,0.08780147811706987
0.11104690984222668,0.054783359510525535
0.14008774430819598,0.06733409088028432
0.14774352701860652,0.10070973677608787
0.12476822747606443,0.067473448411323
0.16180689610892768,0.11309874286224969
0.21126402518512996,0.16075821955429895
0.144722438996307,0.1007569774830266
0.12638090140306,0.09149996938524309
0.2584789313027397,0.20248634859010498
0.13828180769451953,0.09941516409291579
0.17477412971548772,0.13560014443726026
0.1215529635916294,0.0886788381843601
0.11765482802343769,0.07970141056674174
0.17520751284773264,0.12298926507931836
0.15916086668986554,0.11466502920713295
0.1499574275590034,0.12998528135028775
0.1759031425311198,0.13177272821669112
0.2042825095308931,0.1644824673647202
0.13475365669526054,0.10159942113874611
0.13128236975052532,0.08516185045197978
0.1662222906674308,0.13226164575375532
0.15601563975060037,0.08767646045701255
0.15935491715219796,0.09043236238871984
0.17547284407797487,0.12831836034401486
0.19039277832196136,0.15271798781479404
0.1344733419916544,0.07569444194549607
0.16436982340389028,0.10411428753406371
0.20953507269024857,0.12526502861425187
0.14475549194094908,0.08975174221768625
0.11317759065387109,0.06263256344420548
0.12427427352909448,0.08666705987502045
0.12966464781250808,0.07646117503526077
0.24454847335130844,0.14769015407374828
0.18825050131603382,0.11838484253040704
0.1580210254179934,0.09936006918851578
0.1944013494894905,0.14941090794644576
0.25456925325745045,0.28293161279284995
0.3192360155546515,0.2304493898019799
0.2592235834226672,0.20366454769984596
0.11027092109657291,0.0464446029839152
0.08393093924187241,0.031158751135179068
0.10304066727792299,0.045024131832828676
0.11609549776308999,0.05350827958638823
0.10959085535109019,0.05940072160323379
0.10111227232771468,0.06323116852538231
0.12873998604122838,0.06937602421708106
0.131734909568852,0.0713757761354012
0.09087365403833718,0.03210726911460695
0.09579013500434494,0.04331955332950349
0.09878455678835665,0.06153527716650376
0.083180757779738,0.04335281601266953
0.07586180888827064,0.04143929430209333
0.10157088181468657,0.04050720380811345
0.0745436900655202,0.04095338661716267
0.06818808918268691,0.026030817698621686
0.06809476996297134,0.029174451571312876
0.2259221593741728,0.07745067015007077
0.08514687719376612,0.042451316029782145
0.09363829665025261,0.04651074456497877
0.07618261266948936,0.03171052816266874
0.16868658244128446,0.14065428514892522
0.08814457140964252,0.07290298019942185
0.10861349738948085,0.04728052818828274
0.18594987557001463,0.10756349681158135
0.1353704643133635,0.07354834396223583
0.17036391438547296,0.09899884572137262
0.15249961320246655,0.08467017153273024
0.10989086909398689,0.06677892386649788
0.11989402811774279,0.05649334657286435
0.12840928860053163,0.10564778552373377
0.1250423296580825,0.1125959659574709
0.22027588810364215,0.16322953478158575
0.2089580050094745,0.1358065384560465
0.1612793429278265,0.09793491732938106
0.19329068001976252,0.14129576000619287
0.21280756261517708,0.17088711977219156
0.31176542583931643,0.23142006382481978
0.21044472068148992,0.14978184395460523
0.23279259072950695,0.20026805719950272
0.26816487627686086,0.21685072279973558
0.2637849018627101,0.22554360773924226
0.27265090257187635,0.23463256663189982
0.27413997016095154,0.2503321635480462
0.2141963640742726,0.18334003224678705
0.2147311404378585,0.18490666166691017
0.2464074963191607,0.21473234473508399
0.25002136452879503,0.2240740952448881
0.2077347214286121,0.18873097481761317
0.2683983177216199,0.23360460449239562
0.283004948968485,0.24336404228747982
0.263693682780645,0.21494583738428324
0.18968184008364117,0.1466977592317815
0.20250549991393677,0.17444378813747308
0.22938100148619245,0.20330256796190216
0.22040389004417857,0.2044558138450841
0.162627073700759,0.1446109771267215
0.24574014231913935,0.2106019149764565
0.19539392600208977,0.16860769414098953
0.16489231282883698,0.13057756323233954
0.2500259341555461,0.22010419989895968
0.1524463583108055,0.09739795553173156
0.13470314153138402,0.07354432067436424
0.11197605450816246,0.0601104990594014
0.13994406255371689,0.08211914258009549
0.13017159799306516,0.0645525203411525
0.1796784223328571,0.11816343191333446
0.16675138710099963,0.10213686167393504
0.12950132231982853,0.08425157957103846
0.19233339834576166,0.10835836503770141
0.3348447681646436,0.290027111312028
0.17196856539305752,0.12143825503912241
0.2074187836277384,0.1728065886087
0.1623808069619363,0.08894183166142089
0.21465841936624444,0.1529856561116398
0.26222643846515065,0.17044412351967517
0.22099994570664125,0.15267711429875022
0.17831744483433162,0.12915387722238622
0.19765971633635693,0.14383417625438802
0.10885812132053152,0.059456739839684566
0.17388494930345022,0.09261600898940467
0.2782186160322314,0.20178380624128606
0.22686961673605277,0.16626859158349785
0.23974095238235432,0.18678863534829962
0.2853926706562219,0.20566441212838132
0.13259642002001892,0.0855651282842214
0.1216500372845167,0.10694765975716616
0.11439054300316419,0.07596108310640858
0.16871701346603774,0.11909904420381573
0.14557008335548416,0.12703099912104318
0.12147107674459978,0.10566552165986474
0.3622831039412558,0.29191041054392003
0.1313226352540441,0.11864762168118076
0.21245036708673046,0.1701963952966255
0.12789141200653015,0.11635579040275178
0.11700553720310458,0.09936238405975688
0.17597171933986672,0.14377911071347552
0.20937227198850542,0.1733773187257421
0.2025775195766736,0.15228371154752995
0.16168128152873512,0.12040243334411005
0.16367290081275673,0.1377316639552067
0.21411383587274266,0.1827866473718422
0.21913259185524142,0.18206613546039477
0.20377809203973926,0.15432760183962624
0.17978974139885903,0.12985994738481538
0.16092481534711667,0.12169743354929141
0.2065173577732569,0.1444470966809649
0.18419589477639886,0.10167302526343212
0.17020408229721323,0.12689427025357797
0.18867557663205703,0.0881418689416106
0.13688713536099043,0.09891241184649785
0.23775349682764438,0.20587335374085164
0.36010502943123923,0.2958704897673799
0.29372420504493657,0.22813545006617714
0.35156451629427804,0.28830230410674623
0.20384428798911594,0.174786442547527
0.3258042239964505,0.2726962849487296
0.2905792632282427,0.20565521609552387
0.17446909954970602,0.1012842138214121
0.10893264440799938,0.05371474092201199
0.11140366926317205,0.057383167480566225
0.11136643873372151,0.05596866419726433
0.2011946602060597,0.13677485637636416
0.18276723838492048,0.1421602253810788
0.17765056200170481,0.11084909652073632
0.14536577369172005,0.09080453707909432
0.0922140310207322,0.05123689159349764
0.09572785849116434,0.048313102828051686
0.1822406966135303,0.12907834801487686
0.1793367375628088,0.12833116186528024
0.23865757057308395,0.1498772422006113
0.21381759984414533,0.14730160226048306
0.20546400317607427,0.11023307842868231
0.20851719950736172,0.13726895746429477
0.19750679207937963,0.16674080205513564
0.19291538264681984,0.150688712026968
0.1042336390063782,0.0623742055586103
0.09995043108185897,0.06063853128416462
0.13003947820142533,0.09205169962864311
0.14322517517424535,0.10312820486559471
0.1075793943701225,0.06901559233254695
0.1184378173380607,0.07394551201740057
0.15820898043821396,0.1142116382591544
0.13440670265168372,0.09053292393766861
0.19224394027390956,0.1737959025999417
0.14013258545786586,0.10574073019559813
0.1777246147279563,0.11819793906847074
0.23563827019418837,0.17826703835751626
0.15360356547006057,0.11670455311997018
0.16662590456586307,0.13547900548106473
0.17641078608811878,0.14445570267764377
0.13033859868758968,0.08844251823931844
0.14160902209251075,0.09010218190554414
0.15772136010828558,0.1219393715369843
0.16816716163256765,0.12781693583103565
0.13489100916034308,0.09560922834554425
0.1569659234775835,0.12135689614603574
0.13774680037711798,0.10144241998247798
0.1385665590269917,0.10559276649733063
0.10203631779084538,0.05406235012394916
0.10461187908629696,0.05462398052369969
0.09484229774578778,0.045958349632371116
0.11509415153415305,0.0751927537571306
0.10851252134195641,0.0732226701620643
0.12246976760397202,0.09804669095016837
0.14582415098671048,0.12439600723338184
0.10850988361978929,0.06692647698608944
0.20958701185118636,0.16335368823982982
0.13190180758769346,0.08747762664595156
0.10147728770952612,0.058997621161450325
0.12737380880545401,0.09102174385406904
0.11548197569150016,0.0705304519329215
0.11417076464002071,0.08010372553519227
0.1368938420435563,0.08838757938133959
0.13350574616259678,0.09090765040655265
0.19484878080539803,0.1683870530148517
0.0988835689769881,0.056609134396371406
0.13713462018160935,0.09429035682555725
0.10427058948006278,0.06907888903107402
0.10761243423803848,0.06833785085677678
0.12613200995776117,0.08768866596313965
0.16612471692005032,0.13568718350564532
0.17834664818559456,0.15299948901456112
0.10572599548030275,0.0624234846224869
0.10835880083593212,0.06376164739959778
0.10675382314676257,0.06150754813959476
0.13726044805157472,0.09408569048974787
0.11095203149872722,0.06397415667622307
0.11783840295024067,0.06857639672961839
0.10103891343829409,0.07646970249510772
0.1848922983341487,0.1483502185142678
0.10216929429500554,0.06107469658888818
0.09361122500102662,0.04894805854586778
0.10467440191988103,0.06023792124973865
0.11964253359114312,0.07074963346030579
0.15938384475494452,0.10371719422313462
0.09179867205808713,0.04419021128727908
0.15068206210733412,0.12094883624276019
0.13988302478080164,0.09209673775165102
0.09389673941257805,0.04791790857646316
0.09980238616543649,0.050849630992829964
0.09729599432682105,0.04779468438580917
0.09430591133510294,0.04413562905460492
0.09246564524348662,0.04626193594138273
0.09388330523801872,0.055276953521280564
0.18750384729048242,0.15098097741209981
0.11168290352769553,0.07116121377838103
0.0945906747890946,0.058275689672668544
0.09122587578496835,0.05365404725994306
0.1260625021567276,0.07597507152837095
0.11166156430096087,0.06644990539087355
0.10738404644763082,0.07488163657037142
0.1497943918447394,0.11089202454115371
0.15431532031724673,0.12287819175015438
0.22427014528738606,0.17164411788142184
0.10440776657857871,0.05448657120492993
0.11618131583328219,0.06840739143822179
0.1300243558526685,0.07963072252517775
0.17630022912984633,0.1384740596612342
0.12884840913145168,0.10277277311123713
0.12047271175129395,0.08201548528206928
0.11807499557626487,0.07783012773241692
0.133377968556444,0.09227287343273972
0.1727589112387377,0.12376957857074307
0.13997984916540232,0.09863538359645066
0.1528980672992023,0.11946322322851018
0.10795368411049296,0.060167448949033205
0.11085276001386751,0.07864285184846077
0.12254331622577866,0.08877400138293255
0.15431923610465867,0.1426192210811545
0.13626886810154965,0.09433681795798107
0.14458212485685995,0.10258966860670725
0.16088177270812137,0.13499552125585335
0.17115228522846754,0.13758634892989507
0.18036072842062023,0.11453071847123986
0.11943152481147147,0.08131436550376783
0.13276535333489592,0.08809713753724885
0.1203589680566754,0.07149151432478802
0.12192902724327276,0.07233180863726672
0.12931928730200895,0.07821934422151881
0.11883870694446991,0.07382279743386692
0.11661866472549785,0.0759654032394669
0.09849257944585552,0.05092065648975815
0.15489720091589743,0.09765510929658475
0.14029044195838153,0.08427664044918291
0.13190967896145256,0.05433449720153618
0.11624153923750455,0.05666932772391977
0.1367514400401923,0.091160204836363
0.1292428304350751,0.068937493593922
0.1163252681962501,0.059307901069655056
0.22157728595568374,0.13899758736296103
0.14927380136501942,0.08897649932528573
0.18216729033870616,0.11640643872584756
0.21547049028988494,0.1421021146851411
0.16316395705600226,0.10707749999585045
0.22330118847318264,0.143464871286312
0.10238473453049583,0.07589007225114924
0.10963186353361497,0.07324923510334973
0.1335322070294659,0.09942912933134476
0.10410641446867425,0.08101114159471581
0.1436362714493422,0.1211509561904883
0.144356879342944,0.11969922840043004
0.15686710036038573,0.11955815371642371
0.10388214550124356,0.08134812644189068
0.1016407657002996,0.0677680344860926
0.13834220331970018,0.11975219013865167
0.10149202609044901,0.055467546508988066
0.10978137860444787,0.05685319494564413
0.12207630706746048,0.07292859664495437
0.12761503258655205,0.0779696720848159
0.11994641882795873,0.06621138993174178
0.15391439100336,0.10278164141837248
0.18574919573581955,0.14412710888405522
0.1370352050083578,0.07949860767337137
0.11494316795397369,0.0625663634669113
0.11792583722497955,0.06374385908919598
0.16224517749702821,0.10526942394164858
0.10732941670690034,0.053710083199586284
0.1201120821223155,0.07424361306497028
0.13498450941902648,0.11367921507281964
0.09916723836609266,0.04889076373820147
0.10383369404617433,0.05274071993116938
0.1586590320391385,0.11567994382807072
0.09226410978794246,0.045726822226045356
0.15191239445876736,0.10914422811922675
0.15491550040448743,0.09619126435136109
0.1628175876767858,0.0937204286082555
0.1577193564441155,0.10667107718961863
0.13652952820493167,0.0806437789515755
0.1410297116442254,0.08874207790403958
0.16831763005228081,0.11422591524693138
0.1567842835849423,0.11490044507542346
0.15357376701314182,0.11393957357483916
0.16424686339436784,0.12193866124233643
0.159733498918642,0.1164922340122366
0.14426043377287615,0.09347010878423824
0.07994212038911326,0.04658409188880845
0.15374370340880175,0.10850689243905001
0.1422481591244458,0.11203490774450936
0.11450394605579703,0.06358504224021086
0.09447625339490368,0.050209465239361185
0.18335870785487784,0.12632408727079933
0.19375687349447882,0.14506698415075497
0.17514981804067384,0.10574603637626719
0.21102696771528331,0.1827639686488174
0.18469653033528585,0.13257515749510168
0.17588402682888377,0.1222808475812111
0.1951028279828911,0.1505680677178659
0.1457799822568217,0.09737738390675646
0.17252437588952158,0.1192078800028974
0.12233800495124786,0.07131130460439494
0.1300462053172969,0.07350389779470874
0.1185694262097796,0.07115410223402621
0.15047809103388177,0.08042708921024612
0.1537410325901795,0.10537385379175646
0.13085543661033835,0.09502672702907153
0.11866586103795285,0.075956288324204
0.13242946270835976,0.08631315289421077
0.1416808261092412,0.1115039276321559
0.15621281383245725,0.10540616355114704
0.12949136041091294,0.10842156352883843
0.1265619348433449,0.10486308033936456
0.12406726281727778,0.09633145986165513
0.12328789983039085,0.09632309607167773
0.13046122398157076,0.10857157607969717
0.12817010966949638,0.09523484094961011
0.12326315803018745,0.10095268464027904
0.11879281297422527,0.07592216985294774
0.1183207926976403,0.08194788563298205
0.15112818806031836,0.11749366379255798
0.1640320837308864,0.12566019934150668
0.15322514075978116,0.12484784939887428
0.14733902523009348,0.13160231072546394
0.12507815149783386,0.09100377406342294
0.12507423469652323,0.08865263250777494
0.1280761015316669,0.10730005005293039
0.14020376215269764,0.11257656849818419
0.14795609054220468,0.11324276940972956
0.13085020654591534,0.12204877617811495
0.14393116880680212,0.11689384452641043
0.07214948214992592,0.03336097271247246
0.06874758011820803,0.0320741475940453
0.0695007837324055,0.025885684900564872
0.07718051820535327,0.03361513056823069
0.1305886947775642,0.08603482279920155
0.09709652128177731,0.07073234717051285
0.06302297564523726,0.024873122701880978
0.06810013190905195,0.02353551413051579
0.06463146776927342,0.02909595354003886
0.07795347444218703,0.028457009969063616
0.09092525426424515,0.035938679717627105
0.10842466203828924,0.05867787482301851
0.1146372710889209,0.04364781917002565
0.12599686312573552,0.04343573948673162
0.09745063862590854,0.03896298757677311
0.183134883735377,0.16102967223330455
0.14598191241315095,0.1336471728856653
0.16382881919181938,0.14766041323138349
0.13073536292057458,0.1007296272313975
0.15947144476213912,0.1406156830563212
0.17718835509092018,0.1517620024850665
0.11897627665255174,0.09825265303251589
0.13467767664709393,0.11080640124536771
0.10344052298764682,0.09775694172732102
0.2019541396979513,0.16145339102462958
0.15959736250469492,0.13408634544527084
0.14663945232550488,0.11842771168427352
0.14661045446723697,0.1303566697709962
0.17577790303501936,0.13535396569990552
0.15497602321851434,0.11388647455264424
0.12061349322978036,0.10495627380789761
0.12898463064729077,0.09326360900837972
0.10313109497207931,0.06844159198397627
0.07652483226601613,0.02450989650273659
0.08839859276506254,0.033643237581859005
0.11807351651037352,0.06922180435074272
0.10407671614971309,0.0575352039543629
0.10740463452269,0.06473229007374626
0.09588231411619481,0.05403234467249695
0.09387746044729627,0.06385886501291703
0.11156124750333186,0.06272313994598132
0.09987621376595594,0.05307906444420109
0.09470334459631764,0.04890175441822097
0.09878200214317284,0.06183387518484976
0.10650357279111622,0.06285673458882375
0.10593240239422234,0.06037413720140113
0.11404348084571149,0.06297199383669828
0.10256674642333129,0.06296003283486001
0.09627351144688107,0.05695795731890409
0.09485614594024959,0.05780185785770038
0.12933507277968104,0.07972511887219186
0.1430673200419161,0.0885427591460287
0.18827858935685307,0.12337095975525184
0.10338669609109839,0.06325452907612099
0.12297669370185332,0.07803096453942884
0.12170331759396238,0.07645191742073451
0.15126839958623342,0.10543616658111694
0.13420827495059362,0.08252187995024277
0.13809430033231052,0.06696112132885869
0.183079754373285,0.14711113983618332
0.15942209508535815,0.12274756180719437
0.15136543546025072,0.10452284605189094
0.16287814720083021,0.12960885453465062
0.17694149374669504,0.14962401032533437
0.14491475448917124,0.10221145727595472
0.12047147315536733,0.09105510476085525
0.13172569121528255,0.08372201025064051
0.14390423971017674,0.09817461280288095
0.12172796655724137,0.08526495885944957
0.18078842851182414,0.12274279021075292
0.2480331130893544,0.1714436544177135
0.15935307158580922,0.11008220106493183
0.13678991558810602,0.09567646764449518
0.14165049430100118,0.07532836160541553
0.11334038920602871,0.060246200144708245
0.12650762530531637,0.0763244340090266
0.20509716226904925,0.12552489046337745
0.15964038290596003,0.09860389053217627
0.11521249651409336,0.07275746992770188
0.12830032724095508,0.08458727394569542
0.14299210729744655,0.0950394601187189
0.11889296729688902,0.07240200296035935
0.13434103438965872,0.08323919298405046
0.14614860143180128,0.10818480402112123
0.14061779213375114,0.09406155206534772
0.12026584681813847,0.07730054537481873
0.106259480994201,0.0639706560577769
0.14264348849602765,0.09423534315426389
0.10832897709750187,0.06111138165288214
0.15519176209184957,0.10357941532168431
0.11347395644362492,0.05702205792898566
0.12391366994181173,0.08281935858420057
0.10688487086999877,0.054727301521260506
0.1269356223469301,0.08132031984840991
0.1470264343127778,0.0993562448017594
0.1395669746705469,0.10137050792628066
0.16880501828809258,0.12359861392895537
0.14062949355691756,0.0989151759349006
0.1655148357091882,0.10561210626902193
0.13850699012551237,0.10507790924091821
0.11428564730706336,0.08340397499211272
0.12403021693962765,0.08839116432801107
0.11692310872883212,0.09470955051095876
0.11626214712562186,0.05900120767281847
0.12460321713068283,0.08728789869476708
0.13470886716508623,0.08176820239190287
0.08988673978994195,0.05014354126986821
0.12035740963250548,0.06158138462748472
0.10641580545330621,0.06405483978078526
0.10416548166063615,0.06148331079262878
0.14665929450339543,0.09819891990592386
0.16586387058894214,0.11415485113247449
0.11049214691972736,0.06312851553842237
0.13984586881009894,0.07807338606761567
0.12472410765396659,0.07697480556160435
0.19369619106769562,0.12138460913482242
0.14634609921164768,0.10709730137564666
0.16446099948567589,0.09834022543570808
0.11015122695165498,0.061558842711771505
0.10389243674162042,0.047578526639347675
0.12376061554621004,0.06919109786545143
0.07937496397160648,0.03904276868489063
0.14805470384974923,0.09662924995764824
0.1398740035517785,0.08524787883958009
0.1630483505919497,0.10454501952412544
0.16940570613047204,0.10773537908590372
0.14174228739111555,0.1034832561278239
0.11754647410935354,0.08043093474360377
0.18372513703816082,0.14083221870141246
0.13880753575488408,0.09116398082383477
0.1949866796567178,0.1015845668618049
0.12259109657486225,0.06523185854045134
0.1571363578295455,0.11431606864104442
0.1677467717161729,0.1285068030500753
0.13753041478579872,0.0823194664856355
0.11424435606420945,0.07030952457366198
0.15830549400707908,0.11214149773847594
0.13331741053049703,0.08695623338461055
0.11706540634564319,0.06368703870297758
0.10993784482198049,0.060385727083393924
0.1902885282422405,0.13827915465687132
0.14760552817569117,0.10450615514061559
0.11022377654002766,0.05464141355306764
0.19741615461123338,0.1394569851358369
0.1307314246795924,0.07830670988346339
0.11998243018824495,0.07777694981850675
0.12394905661860588,0.0883636888052146
0.11744251642097313,0.06797397199216412
0.09699900823512467,0.06280437355300154
0.1023996627247381,0.07026784140690913
0.1738623484284027,0.13190357200939876
0.17955881361327386,0.13213357701137782
0.15007776870738768,0.08637506620358354
0.1727664202093531,0.10211662411131685
0.18084179245921225,0.131450386321791
0.23642872391433278,0.17420273268606115
0.14975555742896615,0.11662133448285247
0.14448768200748321,0.08974038006677075
0.15956557009476688,0.09904431864474238
0.17039557551920842,0.11320174752076786
0.14741691140241706,0.1053375422588457
0.1965049831350221,0.1409067576306687
0.14732553252734534,0.09463801013759456
0.1902380792355407,0.1073688538669712
0.14202605849605832,0.07741838177360054
0.17778376497482726,0.16254607289539574
0.1836581031066014,0.12532030304075117
0.1284913545952743,0.074291902731539
0.14161806445167632,0.07924780051468537
0.15059859218127086,0.09464802762776629
0.15774517766378687,0.09723124144636903
0.17927348189502368,0.10766342667560283
0.13990813673209523,0.08497209544708235
0.18345606158467634,0.12544970507037326
0.1619626505533926,0.11730062074335454
0.14625564813717148,0.12647155883550068
0.1312976962875416,0.10057439849698599
0.12766444500771806,0.09621625747705617
0.11536191689294306,0.08863770472331772
0.11051349362910383,0.06738681390287114
0.08841972028876993,0.043904346608329786
0.09694867329768748,0.05810806777468838
0.1100917834493984,0.07908718761186954
0.11659549512530289,0.08393793809918229
0.14039315324792348,0.0998531726704511
0.1286522216250868,0.09602660557553391
0.07829788323738854,0.03370648536195171
0.07229391833875623,0.02365871849597216
0.06707639086552204,0.017921725548309363
0.07922717218749081,0.030387053682770962
0.10531573136468984,0.06760835588744728
0.09412120751766734,0.04047340058323453
0.0916234253499017,0.04279072954847302
0.13048466340487408,0.10124436009983728
0.12415378681846546,0.09996341150074772
0.14770046158871022,0.08371242044668681
0.13221127184987358,0.12718419835932523
0.060118346369353946,0.02409263757671166
0.06883710063634889,0.02117315234854617
0.057510818926182025,0.019071215126247966
0.09509972501547007,0.05054186290611456
0.0717597128824035,0.05422961898815719
0.07894255356687922,0.031015623774559423
0.05341965704331814,0.03981832892497739
0.08155333256014663,0.04435475769051369
0.07984070568861698,0.040949147074832846
0.1063231616315856,0.06846095138643082
0.0502691724170258,0.014053958837684224
0.04392201774300046,0.015871798922284606
0.04129679315103379,0.018975864877066293
0.18078702395393387,0.11720949939498126
0.1984310492953788,0.0888106109820304
0.13067907320515199,0.08685531653920166
0.11683434962399424,0.08146913574913922
0.18404772298228744,0.10448714205123544
0.18290435220988766,0.11444085169026848
0.32095131854152814,0.2341452480027495
0.256656203183063,0.24423890156168857
0.27598969521201805,0.26572234652407456
0.10393630625437213,0.07004058998418575
0.11095230977800276,0.05708912070254424
0.05609445609853274,0.018246346711440844
0.06220302921678686,0.026939339967473667
0.09390780410514137,0.040115822532677606
0.10316151017193223,0.051676595415537686
0.11797688597693237,0.07757503743587524
0.08103723124801383,0.040015994239970425
0.08043259791057819,0.05757858508192361
0.13801746767628212,0.11647211414415007
0.12826161957948368,0.09747394374019074
0.11723341934176348,0.08419592231806503
0.10664948313784701,0.06369013419632896
0.09468755884662287,0.051680596518717294
0.13590808248328323,0.08022487734199636
0.12155346725730948,0.07714257386116571
0.17932317172905518,0.1201399812662906
0.1311912737427811,0.09600131460287537
0.10542664621550699,0.07193441226868252
0.11806507583280482,0.0891371760188012
0.15112864920305985,0.11436821854398542
0.11839514002173647,0.07875170601460231
0.119853714668013,0.10275677666843432
0.1401710396024888,0.10327751032300232
0.11108676050863167,0.08883119738782448
0.10665194765600722,0.08251406892874211
0.15608061219493896,0.11539043715854233
0.1590793575985176,0.13475952322166682
0.10697708576554583,0.07249411322199838
0.13286815082858264,0.08644183905362561
0.11756689965615602,0.07425954440712984
0.1442868400326727,0.09528820937757852
0.15584585704416126,0.10065677982349672
0.14436875563551704,0.08809791707529137
0.17403312327591927,0.12028523485116571
0.1196886227498482,0.07781491501098682
0.13280508206008132,0.08962049525548287
0.16909075202287005,0.1095488108897795
0.15298986064474088,0.11143360842904376
0.16981441314341547,0.12533013729811415
0.1511819418227551,0.11279864695470052
0.14767766902169274,0.10384875477187817
0.16113247725779092,0.1163290457252153
0.1363953762554158,0.09334065190830673
0.12493507791456304,0.08106983440294166
0.14384722094791702,0.10658256415396826
0.12905653966987027,0.08915923319088338
0.11837138070676483,0.06969883485300533
0.15932555285467145,0.1444571168267697
0.11442286546322289,0.06169804980208007
0.16254906719940865,0.1214646941668227
0.13257918947595906,0.09414490223571956
0.12909823852200095,0.09161742605247286
0.14358776545107796,0.10510618553766206
0.15274597277290408,0.11365762094229488
0.13931712204603866,0.09682307217701894
0.16005023509875804,0.1296879442444041
0.14673629660636722,0.11718133062298089
0.14373532354133958,0.10769491053098125
0.13565975092603838,0.08959899100224165
0.15502011580420283,0.12368936725544495
0.1408007080987201,0.10109765433341951
0.1147532780180836,0.06261189214227672
0.18533379900928063,0.12395980502046099
0.14778086668310647,0.07917721348596206
0.1821335648510804,0.15512017172659998
0.16148386107160903,0.12532653399372817
0.137329758822485,0.0968214834155807
0.16489516145247127,0.12156641325155833
0.15200991779461936,0.12424647705988943
0.19939512283117908,0.16202283829281386
0.11979071946040439,0.05857306991175985
0.29267026714177174,0.16241624993752754
0.19919298200921468,0.15306249991513574
0.11681211796814958,0.08224228682112578
0.11552974330530176,0.08641093567466247
0.15866367306852547,0.10231510596249486
0.16721491705540645,0.11886006546542106
0.1835797455045351,0.12065339021778966
0.11849542541801042,0.07000301558154902
0.15915275325306763,0.11312724926320539
0.14939478036626058,0.1253159783636721
0.1192994755507262,0.07312389087798694
0.16447867923742476,0.08692784079148184
0.11620549432914562,0.0841381554113558
0.11674780007916608,0.0931871783637684
0.11355975515606731,0.0756873155354817
0.1024027509632461,0.04092165984959034
0.14188105492855757,0.11488569652808384
0.1820160512599211,0.13139145073175257
0.31107425339252176,0.2588450582503302
0.24373375594707883,0.13904174456604013
0.3063542902533484,0.22346001476021324
0.2359243486461476,0.1771625536020197
0.3445435064059435,0.2786580859282561
0.22905722966737926,0.17788870461621048
0.2910628288059126,0.19906584301919691
0.1307591189227814,0.08782323811345519
0.1823773260397222,0.12171631244990916
0.27964854444655035,0.22737327772471572
0.21802536917208779,0.17506541713728033
0.24618157862729806,0.1915142412032842
0.23346428705626565,0.18624424281643923
0.24877569464782762,0.17690277003897525
0.24189675527303708,0.18350913710585787
0.18417033830028315,0.12505897517601525
0.23539388766716224,0.17564574202948316
0.1870161064328572,0.12876910977465306
0.15415336655886233,0.11400298400301513
0.1381749197747275,0.08476634019918775
0.13660229873151164,0.06678982706172376
0.14932025566376927,0.07575682062157892
0.11793338706140172,0.05602518855032074
0.09082881641913165,0.039793723671882296
0.09606547387801506,0.04527199873479583
0.12916589504501008,0.0777642215988923
0.1000536144937974,0.04765842952885444
0.16644821335464097,0.09991317767120063
0.09515904280243755,0.04384533689368029
0.09055311484028536,0.03418286256284639
0.09114593557131419,0.05385836122390575
0.10022532807298146,0.04276883609926758
0.08727651928908932,0.053085560157404905
0.12172378406975436,0.07265935532462739
0.08696249526376909,0.06497286102293977
0.11487619944070063,0.07376437949016304
0.08252347944019228,0.054221932592998234
0.09425099230002001,0.05543369418562616
0.09392847570664373,0.05084438791690861
0.07766351926519267,0.024748389629697345
0.10532692603441543,0.06090035330411264
0.12484063136659637,0.06576389559886235
0.11223104128937757,0.05811035518942562
0.1404585037093282,0.0799441416079846
0.1035715259626635,0.0733476479388114
0.11314157919358916,0.0788257348667182
0.0949025655632899,0.07223700482666559
0.13617905451139625,0.09781232598339544
0.1330316654604675,0.07487549334671524
0.09739895128102499,0.05518051744520466
0.17491160971335648,0.1177630292525832
0.1628412558192842,0.10005173416346333
0.0785543685233612,0.06318290624837258
0.07872059198248668,0.063306799963707
0.08113130155547056,0.0672321054685426
0.130184448316416,0.07027828815678232
0.10810165727839958,0.08363424250307007
0.16528851975516948,0.13807953502163936
0.15673204949763547,0.0917993941398639
0.10210376435017517,0.08455247947102261
0.10443347407801318,0.07638838881079144
0.09907616372314561,0.08411331436004982
0.11662985234687782,0.06987858952399724
0.08616684104528723,0.07004472669943873
0.12900207477219117,0.12606058506458565
0.14493603637442867,0.07660554858434565
0.0982907187053922,0.0772871366410556
0.11028432655085038,0.08873143126062677
0.13788023200204627,0.07242328033286412
0.09589473857495798,0.0720647997506577
0.21866432927571441,0.16915879300996428
0.0937195966432835,0.07889323486597771
0.08345039231215866,0.059522353183257055
0.08886359608326803,0.07644886774616978
0.09901701743822355,0.08462323690585355
0.15686207154190634,0.08944831525162437
0.14273373520285249,0.07471507360087906
0.14968472551355502,0.08531424898328085
0.14528050921586586,0.0993384516322741
0.21852205808545577,0.15841260398304233
0.2078881429573812,0.1269002204733627
0.1595628775875929,0.09085189210074411
0.12390894855633325,0.0649626965418862
0.14008883061169577,0.08079890134289762
0.27559795493097883,0.20626273980064835
0.10800849140663077,0.05559285893935877
0.1715370651416595,0.10319514541860754
0.1722150964701886,0.12066837762747398
0.16360716277749018,0.10756525435625607
0.2263920678947799,0.17046863949766836
0.21120837551855057,0.1462751588364418
0.16464725576087585,0.12606591558089209
0.15781696811977358,0.09482128939899619
0.15867573674534607,0.07965775010091425
0.21035948703879037,0.19213704045207922
0.15053279250419782,0.10639511200638434
0.17392167898411315,0.12269481628911562
0.18468678547285539,0.1514322756934566
0.19414935904502345,0.16562471028349637
0.19123265006688642,0.15318465177417756
0.18252699951627457,0.13255285061836902
0.14055028615363177,0.07694057739839608
0.14585977592885563,0.0832209281858675
0.12690746921279733,0.08179699079169897
0.12756246482068714,0.07755736076786364
0.13208323169575184,0.07732453408253774
0.18320152036132925,0.12795767753015325
0.20548483554120192,0.1344849578619862
0.13848566341322163,0.08700815219232012
0.11010433631871598,0.06083511762791107
0.11837789266511886,0.05616259852246722
0.12100066319869239,0.06498984822516995
0.1561552329838151,0.08231523926765404
0.10554603285189255,0.048381562983973864
0.10183919617182158,0.06272020054521085
0.22008350550384606,0.11773306017369532
0.1459824354214829,0.08805914775080838
0.11875671722251026,0.0611731659840365
0.12979600357688126,0.08196651145719049
0.11063635121393935,0.053359479689100646
0.11809651166370112,0.0606138390356657
0.20914530976220302,0.15408815131502934
0.145765445949175,0.11336728883676339
0.09803013145374535,0.041506348089052944
0.10870849808094465,0.0756967774109582
0.11847702822861121,0.06557392263821808
0.10422448014417539,0.0576290569916354
0.18051292802357266,0.11698884227729
0.19511118663171897,0.14494383896167623
0.15255099685835907,0.08448834369556683
0.14731997463236635,0.09768787734663988
0.1679329763818778,0.11885679838278879
0.10467488501581618,0.05403848865410359
0.10319654537928183,0.05037585613863334
0.15687730219240462,0.0989323625225663
0.13006415783729286,0.08993482522442495
0.14126367293337996,0.09283859596732574
0.1453022155266676,0.10328564214084099
0.16619557690063008,0.08013314442504083
0.14468428047455553,0.08923579105817768
0.16375848481327906,0.11600912790851252
0.1389968727219815,0.08240442905926407
0.13954644583358417,0.08791641080430644
0.10083009468674241,0.05531409777747045
0.13037638076504915,0.09001222586677689
0.261435733405305,0.21416291680129795
0.18037514485060147,0.1170117947559284
0.16919760679158602,0.10188811121333834
0.10235011450191651,0.05629547947003284
0.1708823599749921,0.11576146964287903
0.12797574814322693,0.07447071387833067
0.14146938885070784,0.08410467473948417
0.18455549344064232,0.11750160660854615
0.1474013282048245,0.07741562077245108
0.1428159628306419,0.0769418626082614
0.14218533715335738,0.08710932935399102
0.16477009858117805,0.0966267648850557
0.17064023271106,0.1356794143625272
0.19495629496715972,0.12468021651266503
0.23228228529394995,0.14851637621515856
0.19584859383828196,0.09209660604512668
0.1435546895255993,0.08790856763849329
0.16123033908138426,0.10615304049179212
0.09672428479057647,0.05919212806438523
0.10021917670471649,0.05393420103977889
0.10174608250634225,0.05713582911628615
0.16079186037780116,0.058287364642241456
0.11588317334858374,0.07212400364009558
0.17229683243887103,0.12022777206003929
0.16180904877981958,0.10802123847569518
0.17064466220749738,0.11559503803276304
0.11646721110521903,0.06526858511533477
0.15770774312571625,0.11927753147280061
0.2133709458109991,0.13668959892902802
0.2056812045163028,0.1383064771343885
0.1448975877952695,0.06602994771786748
0.20394485705569312,0.07487433819104837
0.13839594303488786,0.05912852341724479
0.1408857193788403,0.06858760127266857
0.19287285116088068,0.12719891635429592
0.13643754941986974,0.06307407288077142
0.11858223633249788,0.05962516553460972
0.15567614236438848,0.07086773892352219
0.11473615832999641,0.06688655821235838
0.14508802254727257,0.08842162837215105
0.0969496228355786,0.04985335467522448
0.08901135616582531,0.033829420135378485
0.1417458547837372,0.110822271660917
