bilinear-0.6,bilinear-2.0
0.06558788,0.081894867
0.088338801,0.122445921
0.064186689,0.091570525
0.101672985,0.10674623
0.068455973,0.091069059
0.063585955,0.089254124
0.04572083,0.087985678
0.07868027,0.127313967
0.102156346,0.120410815
0.071686722,0.100782501
0.084550205,0.151095369
0.089676114,0.095528147
0.074829184,0.116234302
0.060072971,0.098253859
0.158780867,0.187048523
0.115074724,0.164075395
0.057657161,0.089616713
0.074797555,0.089605515
0.074818572,0.11346341
0.077026938,0.107463517
0.109818296,0.162040784
0.036647715,0.064250525
0.052704183,0.101496564
0.038071286,0.06835245
0.06537285,0.099955278
0.068230404,0.104713625
0.087238325,0.106942928
0.141620694,0.198341024
0.080877256,0.119894224
0.06886544,0.091662852
0.100553671,0.166926771
0.087072575,0.138668443
0.071183856,0.103016284
0.056108413,0.079575031
0.093414242,0.112797588
0.041932043,0.088421928
0.040649077,0.06877075
0.076810367,0.107744116
0.167942562,0.220114178
0.136747651,0.158184926
0.129544368,0.143241331
0.108791768,0.120248896
0.100259208,0.109434757
0.135826197,0.133082022
0.118985564,0.160525391
0.063614337,0.095611156
0.151655244,0.166156999
0.090192465,0.118292739
0.087839352,0.104479337
0.09784382,0.113986261
0.158827377,0.151614613
0.144623526,0.225756416
0.152501828,0.217189288
0.16862346,0.191607731
0.088515461,0.124922169
0.109070215,0.133094326
0.110287133,0.134484617
0.185676193,0.16269696
0.104291399,0.135770853
0.09710781,0.11891248
0.065058438,0.093405957
0.088291819,0.11669169
0.120128581,0.156527026
0.094888753,0.130065034
0.105219813,0.136044327
0.08618292,0.110519942
0.113365269,0.172554989
0.057189367,0.09914627
0.072319238,0.111475971
0.095829244,0.141917069
0.169088285,0.225466539
0.180318406,0.220094316
0.191031992,0.215719782
0.168211065,0.192065487
0.075169261,0.120517998
0.139606533,0.218417859
0.168993656,0.153021639
0.047806424,0.075830967
0.078317466,0.112491362
0.08049134,0.081639617
0.146202258,0.168249878
0.077585877,0.093986958
0.076290062,0.116965102
0.03317299,0.07742403
0.036359664,0.064310632
0.033473148,0.073889928
0.064457248,0.084762345
0.043808494,0.078189239
0.052782746,0.09803081
0.079980478,0.123647904
0.044810634,0.069133024
0.078804069,0.124155349
0.058848584,0.095228868
0.051558379,0.090750305
0.033561188,0.064847333
0.033892638,0.066412853
0.043684241,0.083687628
0.066555387,0.101234936
0.051810894,0.095608124
0.059415554,0.106911653
0.083921147,0.123969591
0.078819253,0.111560689
0.096503748,0.117898465
0.110113152,0.110471845
0.121203334,0.137370208
0.08474606,0.113151312
0.071369081,0.114459499
0.08432862,0.137666475
0.099748559,0.139987657
0.065622338,0.119422391
0.069376387,0.116381512
0.097972516,0.131282009
0.068846558,0.108051162
0.13472193,0.145292568
0.106321912,0.136514249
0.123141157,0.147742331
0.090231558,0.135790659
0.061670936,0.090998477
0.097144129,0.133271959
0.06479095,0.086062215
0.124494607,0.162974719
0.103905721,0.1661855
0.104550362,0.157161372
0.111962181,0.176931833
0.130411198,0.175495476
0.095114902,0.138293966
0.103655532,0.146759076
0.083662745,0.118978672
0.078067264,0.109139241
0.071135312,0.113093783
0.082046909,0.145653417
0.043187326,0.074850198
0.054129382,0.082613841
0.05401221,0.079668125
0.045557993,0.075522633
0.075500231,0.085624335
0.060042615,0.098800036
0.061642216,0.102575479
0.060045749,0.091157405
0.093727472,0.09545112
0.056644108,0.085515239
0.044284287,0.077067159
0.062610693,0.101911259
0.079998976,0.111501834
0.106320423,0.138731466
0.270490734,0.214996903
0.133622974,0.131842493
0.09763696,0.113127783
0.084077595,0.134198071
0.074908498,0.12989454
0.057499087,0.092401653
0.068468698,0.125256898
0.073289824,0.096762916
0.100174829,0.116525618
0.08296789,0.108309468
0.082695241,0.118363954
0.068051957,0.100643853
0.054591908,0.098560658
0.062011397,0.105386491
0.055371211,0.083475542
0.043080177,0.075545453
0.06207456,0.088628179
0.058482718,0.094205119
0.0527249,0.090967654
0.061126837,0.085994392
0.049436756,0.080640214
0.116806293,0.158441568
0.101003787,0.132383556
0.089326259,0.14120672
0.095179502,0.156493985
0.084533643,0.141011736
0.093872505,0.151896686
0.09254217,0.13704401
0.055695087,0.084978572
0.059177749,0.10054565
0.11475253,0.1365985
0.076477743,0.118292584
0.051458725,0.092398368
0.04650268,0.089277003
0.112603008,0.141845445
0.094172998,0.14086647
0.082600658,0.118683577
0.074575761,0.107436802
0.068760566,0.110731396
0.098498686,0.154343422
0.101706049,0.151645841
0.06980357,0.135050314
0.049545694,0.093470733
0.061197389,0.105504816
0.059337367,0.121227596
0.062207408,0.11827838
0.092811613,0.104903751
0.083076826,0.110865164
0.039132141,0.075681625
0.046351886,0.076746059
0.064308622,0.098308717
0.054965172,0.093659427
0.041836679,0.083221715
0.036452059,0.075115666
0.027132498,0.065306056
0.034934571,0.075244127
0.115556586,0.123048919
0.056103011,0.091353003
0.047068806,0.084486255
0.053780974,0.093731703
0.086706833,0.140763749
0.081384688,0.14904584
0.082286867,0.161772298
0.045994968,0.094792209
0.114963466,0.171892515
0.076728608,0.134613987
0.107871987,0.211497644
0.087409389,0.161538873
0.084593259,0.131550781
0.053804379,0.089379724
0.064964097,0.100205679
0.054791341,0.097259019
0.05916055,0.101532915
0.09404581,0.151035733
0.120894375,0.131667235
0.105352493,0.225082323
0.155732427,0.228865862
0.160339504,0.198649377
0.159803863,0.238777401
0.119552688,0.133456807
0.128198017,0.120902657
0.168624488,0.215499266
0.177385261,0.202995198
0.149260606,0.237648899
0.158199474,0.190511457
0.096673783,0.153461185
0.09346216,0.15129932
0.091556198,0.143834945
0.113569088,0.14527582
0.117681876,0.180272382
0.100144774,0.141306645
0.128164683,0.157362064
0.131770919,0.220631836
0.091732912,0.149683001
0.083582886,0.106191729
0.046825065,0.087150866
0.058051437,0.093690766
0.089306121,0.144150468
0.11683863,0.175806826
0.152670782,0.215239238
0.103550916,0.133278966
0.27575945,0.306038075
0.221717408,0.245736563
0.266334643,0.315842938
0.10996659,0.158192959
0.132458713,0.205793756
0.111075507,0.11947563
0.122283867,0.172250025
0.114243902,0.13848968
0.145021157,0.167539707
0.126149343,0.170887798
0.165435705,0.187414604
0.145931377,0.138663043
0.12549959,0.126601007
0.148973661,0.149217397
0.099440308,0.120777617
0.132708374,0.142872721
0.12584006,0.130413961
0.110210798,0.129545129
0.096145298,0.128612834
0.094546297,0.122496761
0.088131895,0.113141386
0.089332216,0.118834668
0.086265427,0.096548529
0.108972519,0.122345754
0.16361983,0.199509441
0.176306392,0.179570267
0.208699987,0.223836305
0.166948597,0.15796545
0.130810696,0.138236096
0.171073918,0.166465264
0.148703567,0.163009868
0.095189973,0.12461868
0.10802374,0.123385015
0.138055444,0.18312722
0.099568112,0.109972578
0.182484104,0.221640519
0.124407925,0.130166646
0.119040731,0.159934943
0.119419575,0.158771184
0.09151182,0.149920186
0.089562564,0.131261915
0.062179522,0.082685178
0.082869244,0.104582679
0.108537907,0.14928548
0.121747185,0.1595856
0.112404347,0.156589078
0.115783403,0.153156832
0.087710628,0.102832128
0.078863427,0.10636348
0.168598831,0.215970383
0.119844294,0.1456007
0.179683171,0.172066234
0.073490894,0.096551423
0.148564471,0.166458112
0.158052145,0.165207881
0.123644946,0.215644104
0.132343085,0.169781352
0.077104298,0.099460198
0.101777289,0.128001734
0.183086938,0.218502439
0.202569544,0.245715307
0.135892279,0.234481994
0.152465232,0.214908749
0.16974988,0.274096235
0.225566206,0.247949803
0.170040641,0.232803388
0.169091154,0.201032543
0.189256989,0.273734093
0.134650945,0.207667602
0.153664575,0.227322071
0.129617953,0.191904979
0.184998057,0.30760305
0.081008795,0.122164536
0.083335658,0.132800247
0.092444962,0.131410472
0.141906772,0.179359631
0.121516434,0.157451487
0.178227801,0.238249019
0.135821077,0.161656518
0.23873461,0.186845645
0.183558924,0.237453671
0.252061187,0.276056879
0.092077543,0.128316041
0.161632794,0.168251976
0.199173051,0.167081004
0.110185005,0.15503121
0.144731218,0.115314483
0.148036977,0.125676011
0.130737622,0.120274714
0.197207281,0.210279285
0.193009093,0.168721316
0.099496016,0.158113632
0.046861329,0.080143386
0.039603543,0.071172797
0.023563473,0.065050239
0.036017852,0.080568865
0.039118661,0.073913099
0.086424948,0.135447115
0.058242059,0.073647024
0.100477343,0.136049201
0.120832762,0.136665237
0.079329291,0.112333434
0.05446761,0.102966058
0.045680238,0.089987171
0.127884429,0.194599302
0.133077196,0.171732137
0.047503958,0.056741468
0.036796518,0.074432806
0.069939801,0.100475636
0.042061691,0.073492852
0.044999136,0.073508515
0.204040309,0.19450866
0.176332193,0.211739123
0.135185287,0.126826025
0.172977107,0.160628127
0.046957277,0.079342926
0.054717472,0.086327899
0.052094516,0.09358924
0.11473698,0.137172921
0.12118469,0.143653183
0.117459408,0.146384852
0.166426437,0.19730554
0.110193995,0.135535844
0.113131905,0.128549075
0.112178046,0.151886976
0.138950948,0.188504491
0.125769208,0.13896764
0.068304209,0.088606962
0.108851567,0.144985616
0.100600004,0.145010907
0.032557132,0.044279331
0.035222124,0.055684224
0.14283151,0.086097829
0.086546052,0.13015084
0.090827488,0.117883051
0.164082624,0.161140723
0.10822582,0.112531554
0.130795361,0.150878983
0.127451161,0.081538575
0.081555082,0.13313576
0.136472492,0.182171491
0.136046127,0.149535031
0.172141122,0.190212344
0.141440785,0.141901778
0.081417538,0.116583914
0.048143388,0.079103208
0.030589769,0.070006194
0.099374423,0.123770349
0.111942061,0.142674931
0.12224168,0.130053321
0.132124128,0.137823328
0.092282267,0.149110883
0.034933608,0.067484409
0.069279341,0.097869618
0.035641431,0.061176078
0.045840907,0.06866234
0.062225223,0.089390617
0.035642967,0.074632499
0.038554686,0.076390206
0.084377192,0.099249693
0.047753408,0.092075849
0.054262615,0.069103927
0.05297215,0.068500965
0.058108435,0.074055944
0.035272737,0.074064679
0.092260957,0.11675991
0.036313112,0.067540864
0.049259302,0.069601104
0.106434125,0.140476748
0.098482463,0.153566352
0.155106958,0.184125422
0.122028353,0.156229875
0.154392332,0.23319232
0.165539948,0.193258189
0.111164372,0.139042281
0.202535484,0.170999322
0.158721316,0.171767561
0.118464347,0.156272776
0.090728687,0.128019025
0.125044023,0.150840748
0.13352231,0.160149564
0.143427418,0.16911912
0.212396291,0.183528062
0.157514716,0.152761625
0.08535316,0.097436409
0.116849605,0.128369247
0.204147533,0.248166682
0.223361785,0.264220541
0.16215508,0.199994576
0.099573344,0.103579236
0.088384321,0.108546803
0.088675126,0.123785251
0.099105784,0.106140146
0.059940786,0.096369602
0.052876172,0.087879286
0.09876581,0.13723021
0.101811886,0.141385846
0.119124921,0.138519052
0.173933339,0.195809483
0.102520586,0.133712887
0.158601877,0.153238047
0.159116823,0.163957328
0.098940856,0.127188057
0.184285773,0.192934988
0.103166902,0.162712749
0.04560711,0.083902866
0.104643299,0.165886444
0.09730189,0.156267747
0.106584968,0.169807646
0.104231039,0.163967792
0.142952794,0.186048311
0.117506185,0.170267615
0.094375862,0.114238406
0.109525663,0.120984534
0.115932325,0.101694191
0.102225198,0.137913666
0.088986594,0.094675349
0.106480956,0.119215834
0.115049949,0.125815889
0.072378357,0.119515014
0.14862754,0.177176036
0.173482486,0.230541499
0.121997539,0.172076672
0.11026045,0.16664773
0.182647957,0.221039386
0.126069712,0.158064902
0.152632311,0.192607118
0.096492371,0.141540488
0.090025266,0.132683659
0.134703594,0.168638451
0.159911892,0.165403969
0.146005956,0.11975147
0.178440957,0.200141721
0.158631874,0.211013162
0.128515328,0.14006854
0.096168697,0.165763542
0.157401217,0.234634954
0.095379892,0.144135895
0.105631676,0.164600557
0.1490993,0.207608917
0.169029344,0.193234703
0.096806286,0.115932494
0.112142518,0.148872901
0.171327149,0.178522394
0.143847518,0.167374524
0.079618948,0.100333719
0.09594974,0.123837936
0.109633321,0.154662953
0.19131271,0.23949119
0.098346827,0.19365002
0.101526641,0.17102055
0.173928751,0.220609613
0.244451788,0.292517252
0.238829303,0.334194833
0.208807093,0.289398772
0.06871754,0.097910734
0.038105036,0.06956673
0.067561014,0.097619533
0.062156001,0.087167909
0.10688929,0.12565121
0.115421834,0.107679393
0.120607117,0.118648821
0.09734753,0.12756761
0.034445128,0.074992632
0.039564827,0.085243408
0.120769575,0.112270784
0.061063265,0.093118931
0.044750496,0.085015357
0.058287736,0.079286576
0.05277409,0.081698854
0.040154644,0.06163125
0.029548535,0.068793307
0.072613701,0.107949359
0.042738469,0.089885781
0.06856615,0.082234555
0.049494553,0.071068381
0.138794666,0.184174391
0.085393459,0.111893583
0.060698226,0.086294172
0.120930139,0.146933478
0.079292186,0.15432282
0.144102924,0.137978737
0.098120981,0.153875319
0.109474975,0.144173675
0.087281279,0.103265586
0.126580271,0.140201082
0.144503493,0.149436365
0.161462433,0.27032433
0.163660857,0.184967476
0.099349125,0.176011832
0.215154075,0.171127144
0.247705168,0.173727932
0.212569444,0.297628109
0.140320728,0.253749155
0.222942407,0.260020693
0.225282009,0.245421998
0.222330588,0.274819791
0.239593118,0.242498607
0.242530692,0.257171905
0.219605787,0.222993515
0.234864293,0.246347808
0.223414614,0.282109338
0.239745234,0.314708746
0.201673639,0.201652752
0.221028655,0.306760871
0.226552792,0.275229059
0.199402165,0.218913798
0.163344393,0.177961259
0.193600058,0.213753725
0.242003205,0.24051496
0.202125524,0.247903984
0.168661552,0.19589262
0.224056227,0.250902945
0.217240547,0.253955068
0.157994039,0.210217407
0.240936329,0.276745976
0.160039008,0.163889243
0.113903518,0.117620222
0.094589238,0.100765434
0.124228078,0.139425168
0.093270021,0.117565588
0.101087212,0.171723992
0.158658838,0.13378809
0.103553326,0.133658049
0.123415571,0.156073704
0.306525061,0.366687981
0.173087221,0.16945249
0.225512686,0.185782551
0.111512567,0.135332198
0.180159714,0.212765262
0.199533566,0.270403333
0.177979258,0.240646761
0.165403227,0.217101999
0.168753684,0.228374171
0.062825942,0.106296508
0.114219863,0.133511672
0.20694945,0.212027013
0.19600206,0.192291601
0.197169123,0.196631922
0.188671778,0.212472367
0.161373486,0.183992486
0.143096985,0.138547662
0.158284738,0.187020586
0.123726035,0.16467964
0.161454165,0.1603398
0.181926416,0.216894013
0.215402714,0.326957516
0.164447095,0.129742783
0.205224821,0.219297946
0.135025519,0.208838627
0.177645032,0.206829593
0.146397691,0.2259902
0.157796615,0.212675004
0.171749364,0.20518963
0.199908971,0.210838609
0.206347889,0.190992427
0.21442025,0.163312587
0.165424185,0.230713219
0.176705769,0.208358759
0.131409371,0.162775298
0.151921699,0.155637656
0.148139821,0.209380075
0.120401544,0.1650323
0.143116007,0.163988615
0.111239862,0.168958836
0.117719886,0.126658165
0.197601691,0.175459302
0.219485171,0.297056362
0.196916758,0.267965455
0.179756013,0.289192938
0.12201285,0.128003378
0.163061519,0.231546561
0.155360252,0.247372576
0.101899048,0.153543617
0.069176004,0.113385744
0.066233033,0.116946588
0.065841415,0.099708176
0.179607166,0.224370046
0.138637202,0.187627794
0.143017615,0.184924767
0.121280398,0.15896848
0.049918403,0.107861597
0.044792975,0.090447523
0.160826338,0.210456605
0.166321809,0.203192229
0.158976965,0.233218862
0.158676312,0.22705169
0.186914694,0.187735373
0.188077166,0.219608411
0.19787134,0.20453096
0.166627879,0.187590043
0.075535062,0.125037576
0.072918006,0.117519866
0.117829696,0.156712854
0.137487933,0.186288401
0.082925496,0.125144529
0.09151949,0.138587416
0.152871457,0.183615086
0.112153743,0.160985745
0.18309139,0.218742803
0.158782658,0.186054019
0.118422887,0.185878679
0.189554181,0.250013986
0.154082594,0.177189355
0.189456637,0.199189416
0.167350417,0.200713263
0.107901142,0.154992232
0.100305508,0.142194798
0.200619409,0.208635315
0.15678594,0.220400843
0.133942145,0.149769078
0.128098387,0.185585098
0.132686524,0.146014373
0.108652236,0.163224382
0.066662462,0.107166132
0.071002871,0.116346137
0.056630715,0.103433538
0.072628504,0.111826814
0.078254865,0.126645936
0.084853519,0.099421203
0.136844878,0.167527328
0.091268127,0.143174143
0.21323569,0.251436623
0.112969572,0.135764376
0.081321448,0.139632117
0.116334004,0.159563091
0.092746251,0.124322218
0.10188067,0.146378513
0.116946114,0.155480558
0.132277944,0.180612849
0.205243919,0.24518962
0.072774737,0.109503747
0.10950476,0.149918367
0.078734466,0.113068998
0.069338162,0.116434833
0.118714977,0.152879809
0.178051976,0.174659841
0.186000089,0.197969963
0.085693973,0.126127805
0.073776365,0.113821584
0.087837881,0.133023167
0.123116596,0.160513908
0.07113046,0.124477742
0.074088506,0.127406857
0.112232304,0.150296404
0.19932391,0.217417149
0.063844879,0.112974884
0.060943998,0.111629735
0.069693674,0.120726392
0.079529358,0.132487906
0.119638594,0.158241542
0.051089765,0.096098058
0.175465161,0.164315358
0.121204766,0.165660715
0.05370316,0.099860994
0.056411773,0.099560523
0.052613228,0.098997393
0.052720714,0.103701725
0.055394278,0.107496306
0.055745771,0.100341973
0.15440843,0.223577031
0.09565921,0.142970387
0.070855505,0.123667149
0.067611857,0.110812755
0.09548535,0.136587572
0.085164327,0.131146266
0.111002334,0.149479513
0.157079168,0.153820816
0.170789007,0.176829218
0.163862414,0.170869252
0.069399109,0.120890993
0.085490657,0.149516225
0.106685166,0.14118893
0.179513987,0.191954889
0.112577241,0.158583059
0.123561531,0.15149381
0.11675009,0.130437073
0.141247021,0.170865984
0.159175153,0.185214282
0.137558907,0.166947428
0.121664267,0.171921974
0.076817779,0.112772788
0.077977345,0.117080304
0.102596603,0.137440448
0.164437749,0.135389915
0.149872124,0.15817177
0.158760074,0.175971577
0.158715705,0.226334708
0.169814805,0.219987951
0.119666081,0.185192068
0.078825096,0.134472495
0.087842731,0.155925074
0.074369655,0.126552594
0.073012443,0.124666623
0.083054651,0.122649426
0.080068323,0.128636202
0.095316278,0.130944409
0.078685682,0.125617435
0.118428959,0.154366924
0.120176713,0.159043674
0.07758053,0.114879722
0.086299751,0.124115819
0.124804391,0.168081641
0.100814686,0.159573731
0.093670876,0.120099674
0.12813318,0.151057635
0.092335548,0.140077542
0.109166455,0.166136984
0.119979699,0.175950887
0.112629388,0.171862064
0.129121098,0.170192348
0.098461764,0.150283809
0.090357601,0.121884421
0.132671575,0.179985191
0.128581737,0.174103096
0.163077852,0.191309015
0.169458976,0.17531017
0.117494184,0.168637271
0.100322612,0.127653057
0.089541044,0.118703718
0.139786925,0.135105994
0.068460227,0.093400547
0.065958235,0.080587689
0.084979619,0.101404342
0.089416984,0.120103238
0.09868477,0.131356674
0.130333419,0.196800138
0.185478164,0.192874462
0.11390268,0.143182393
0.099084611,0.11923095
0.095680583,0.112865121
0.125630893,0.160327833
0.074061059,0.109561457
0.093512555,0.195619864
0.167100201,0.149634233
0.071403382,0.105834618
0.087127857,0.114597767
0.171620177,0.199153805
0.072159984,0.099985975
0.120930498,0.153127528
0.102108011,0.142725486
0.101270285,0.128005831
0.110415852,0.170422207
0.095777426,0.141904363
0.145718126,0.167288898
0.144826682,0.164411901
0.160562642,0.243544622
0.158088827,0.239866464
0.174076057,0.26030278
0.163279735,0.245394593
0.151884263,0.208641535
0.070617645,0.083951359
0.131480462,0.162676523
0.135501287,0.152168623
0.083219395,0.124514383
0.065547198,0.083990682
0.173429742,0.198711932
0.179320359,0.212482903
0.153405599,0.17129094
0.190504831,0.22049409
0.19645753,0.194977386
0.155708433,0.201086096
0.171921181,0.215952033
0.158992303,0.169775503
0.179070015,0.200755621
0.078487413,0.134756081
0.07803241,0.132577064
0.079334421,0.132575151
0.081090073,0.127511937
0.160132794,0.17347184
0.146912184,0.146109843
0.126362664,0.146331816
0.141848282,0.146630483
0.16021366,0.173057943
0.147505433,0.180421877
0.12669649,0.140244251
0.126065736,0.147968787
0.117295684,0.142064586
0.114433273,0.139610573
0.12284083,0.15201772
0.12287889,0.158499172
0.125127683,0.159414003
0.101068899,0.13442993
0.107589928,0.137206604
0.145972055,0.132563079
0.145524189,0.173682212
0.157130719,0.168751731
0.167420406,0.159693553
0.121555949,0.133840508
0.113828158,0.140308658
0.132166624,0.140891289
0.137217516,0.142549511
0.13123034,0.159416506
0.148437527,0.139330857
0.143416328,0.166447283
0.037797039,0.055009223
0.037581635,0.068404753
0.031391454,0.051835819
0.037710522,0.062365699
0.076690786,0.108718124
0.054262659,0.083805414
0.027965366,0.047140109
0.028896698,0.038646016
0.034263298,0.055019432
0.038406244,0.053567968
0.045570845,0.063745038
0.081646993,0.090382951
0.061002911,0.068275806
0.052103355,0.06549195
0.053019289,0.081125407
0.142158462,0.19682545
0.125605881,0.157850952
0.166979095,0.185026798
0.144772716,0.124209603
0.175002897,0.170017399
0.169224912,0.18545576
0.107675655,0.142465555
0.111258737,0.160609546
0.09469871,0.103030226
0.159858689,0.201105342
0.156807646,0.175905456
0.143359888,0.172206732
0.132853827,0.166919519
0.139271228,0.183565436
0.137802512,0.152295383
0.109136381,0.148863916
0.116772547,0.158016716
0.084497235,0.122718367
0.034318986,0.046308877
0.042540271,0.061419356
0.086072383,0.11415208
0.069836546,0.097693286
0.08157327,0.113536129
0.047040923,0.082774855
0.053017596,0.086140715
0.053239447,0.096319834
0.065725135,0.106563816
0.05918654,0.098956049
0.06398451,0.119909202
0.070651429,0.126320902
0.071432275,0.115086058
0.093979645,0.128011285
0.082096285,0.119344438
0.060205325,0.102060282
0.081392523,0.106095669
0.116527368,0.148930356
0.132641606,0.151418764
0.161744124,0.191909896
0.094624774,0.109681607
0.084717995,0.135116346
0.076385753,0.104158954
0.112930401,0.181385696
0.096486718,0.137922439
0.08107953,0.124084155
0.143522828,0.201954599
0.129105559,0.180364727
0.11101133,0.176805574
0.135658265,0.190213949
0.150839183,0.218081026
0.0951699,0.139463497
0.092643302,0.106497151
0.091087569,0.152287886
0.110711978,0.17252354
0.092050092,0.121242897
0.144287981,0.197693309
0.143454811,0.209467166
0.129450493,0.177776338
0.098443788,0.159586907
0.085795358,0.124338931
0.071252517,0.105323884
0.108751327,0.136560221
0.153337207,0.185975063
0.134887732,0.177906829
0.102828873,0.15531811
0.10876628,0.121580943
0.116531606,0.185795311
0.091981496,0.135483781
0.111771943,0.15512193
0.111915738,0.156120277
0.101640869,0.1573582
0.112564127,0.155521653
0.097603888,0.144475755
0.136236482,0.18211473
0.084424063,0.145598703
0.121756859,0.187888162
0.077364093,0.134460772
0.141065879,0.167254824
0.076408478,0.122245842
0.098544065,0.152755936
0.118779695,0.164721472
0.146058962,0.214472936
0.160602495,0.168346775
0.148625661,0.216997699
0.133696174,0.154565239
0.130379739,0.145045396
0.10050838,0.134834443
0.111568973,0.152722395
0.117994065,0.133577227
0.073833121,0.113825367
0.136128961,0.141046501
0.113676696,0.152277781
0.069595065,0.09122425
0.07189753,0.130267634
0.09622127,0.117766617
0.100898743,0.124976336
0.153339157,0.228410805
0.141468705,0.258844858
0.097757675,0.155082628
0.116397932,0.158755344
0.126107725,0.140901151
0.154105026,0.182505893
0.158206684,0.21258291
0.136589266,0.16650035
0.082836817,0.12936912
0.074575809,0.103292709
0.093237486,0.139610007
0.063447827,0.079407804
0.12813271,0.214929127
0.136170076,0.196103856
0.119309636,0.217168842
0.134782122,0.23322823
0.107174834,0.149883727
0.099821725,0.137113013
0.181127199,0.205881796
0.116739079,0.16063339
0.143496954,0.207721601
0.096954162,0.137022583
0.155026456,0.172388199
0.18563503,0.189697469
0.114870645,0.165786198
0.086203492,0.125765338
0.148910617,0.172905285
0.132032387,0.199007129
0.074266142,0.102206327
0.064467238,0.096119345
0.17303219,0.23791372
0.132596088,0.15008964
0.066240985,0.094719713
0.179778101,0.17833719
0.122424629,0.15051597
0.083323728,0.118566553
0.089717908,0.12681301
0.067186521,0.128276964
0.070044542,0.11727963
0.071540784,0.115823935
0.189353474,0.228772947
0.211194313,0.225584906
0.134542755,0.171477055
0.114107498,0.222241116
0.166481579,0.236021961
0.187171882,0.252546405
0.158813953,0.195892954
0.136629325,0.157767831
0.138979308,0.188407179
0.126356236,0.15145902
0.192800349,0.194197374
0.166534665,0.193576414
0.137719916,0.221853101
0.136210423,0.20463102
0.09733543,0.164564949
0.201608561,0.265127576
0.119776715,0.182122659
0.119376424,0.131158309
0.118748253,0.120387222
0.14285662,0.13786798
0.174667453,0.149175267
0.192663387,0.180817188
0.135475253,0.111922024
0.16705708,0.195751009
0.152008831,0.186796646
0.136832926,0.1527533
0.126958702,0.159532128
0.11787562,0.159837109
0.109379073,0.134536517
0.097795722,0.147638982
0.045456701,0.0830535
0.058135873,0.099613362
0.085499792,0.128665189
0.10570233,0.142183697
0.099462411,0.143150407
0.102676306,0.125098336
0.042770482,0.054007717
0.033507659,0.044658976
0.014326811,0.036027729
0.047305039,0.055924761
0.07473131,0.097174171
0.055695897,0.064167476
0.065057145,0.089994145
0.102028735,0.129955765
0.106998763,0.125214664
0.085535108,0.133640963
0.126785653,0.131234628
0.022489781,0.039265085
0.025807432,0.037329624
0.018778332,0.036787483
0.050151947,0.071723527
0.05436289,0.151466852
0.027379495,0.076880658
0.032359925,0.106291787
0.029614584,0.078383281
0.043324489,0.065344136
0.083378226,0.101553718
0.010961038,0.023961599
0.012076862,0.022836675
0.013648739,0.031700067
0.132872246,0.171146209
0.118045326,0.176590763
0.108525925,0.124893075
0.114749941,0.178643482
0.11197062,0.164107189
0.11434795,0.135340792
0.184847672,0.216969485
0.267891755,0.184931691
0.273082716,0.203375153
0.07056338,0.107983663
0.077156275,0.088654855
0.01213657,0.032386799
0.02676657,0.052806809
0.051120054,0.075215154
0.076969101,0.091038375
0.104918856,0.117749639
0.046914359,0.070127387
0.060934856,0.088930213
0.135419239,0.166393903
0.101808639,0.142909037
0.133004967,0.146363087
0.084189155,0.119875224
0.082679145,0.10616539
0.096160102,0.133647054
0.114985649,0.163898202
0.173408989,0.19509415
0.100653491,0.160249761
0.091292079,0.131657722
0.10393431,0.129703475
0.112026942,0.146566292
0.094770098,0.141587948
0.113657814,0.129304341
0.108465201,0.147502566
0.102316644,0.125466692
0.105540266,0.130311424
0.156231792,0.192995241
0.132133349,0.158400817
0.089827984,0.132455094
0.108314083,0.151360733
0.093908443,0.128027374
0.119843523,0.173148995
0.122294528,0.144307357
0.125549824,0.126950506
0.137675613,0.157760735
0.105627626,0.121649923
0.113126175,0.125811297
0.131590084,0.156470782
0.164624971,0.194104187
0.158777958,0.165745527
0.166474827,0.199342278
0.145497877,0.159899404
0.151753281,0.174849565
0.105252577,0.131151033
0.09794364,0.163469818
0.110721407,0.149000862
0.115448153,0.166028759
0.074913849,0.133897803
0.138025922,0.145914193
0.078774003,0.114203334
0.13575645,0.169881481
0.094342679,0.139858351
0.099865817,0.13435548
0.101350886,0.139299233
0.11025583,0.18223203
0.103197704,0.157561111
0.127719011,0.167801793
0.116411149,0.167381158
0.130313164,0.158741346
0.143271166,0.170277941
0.134280528,0.193511978
0.132104484,0.145511094
0.093430514,0.121438535
0.173350268,0.221176805
0.10935565,0.131675771
0.122581585,0.177765919
0.108881725,0.163539934
0.100030652,0.147328958
0.12074356,0.124061786
0.133052728,0.169687515
0.232756166,0.236255925
0.088405485,0.10814035
0.176193894,0.27750447
0.206557819,0.221319735
0.091880486,0.136864564
0.096348775,0.145891744
0.159671266,0.195960189
0.168967217,0.213115875
0.157139194,0.194831456
0.125297172,0.133918086
0.151397595,0.23623115
0.155399686,0.18530131
0.110841134,0.122088079
0.127429685,0.20147503
0.133168847,0.180667397
0.104786506,0.139790773
0.102679736,0.133605744
0.063007938,0.074915444
0.119717774,0.11458673
0.215106182,0.202441008
0.306511284,0.256796327
0.168342034,0.180008253
0.243440775,0.2700675
0.197753579,0.251019031
0.272633377,0.312914824
0.198968698,0.214964032
0.221267661,0.270863033
0.106703903,0.140244419
0.160537061,0.188694916
0.251707603,0.228900182
0.243701607,0.208503384
0.210019856,0.197950223
0.157862181,0.198189136
0.166083954,0.249985555
0.194858749,0.271705252
0.142269157,0.211977648
0.221928307,0.224993713
0.147795593,0.212988464
0.154446773,0.139334577
0.107935172,0.12314895
0.083400465,0.135213535
0.099913537,0.138674833
0.074018244,0.114933305
0.044108025,0.084194914
0.075750055,0.094256982
0.09105805,0.101161952
0.072795841,0.099829931
0.120331735,0.137290532
0.068042159,0.092189556
0.052113738,0.072680443
0.071148575,0.109151396
0.048380238,0.076913908
0.080312729,0.116720971
0.085196826,0.120343043
0.058982556,0.0966737
0.124221782,0.106039446
0.058176047,0.088506216
0.079382575,0.095589934
0.104368223,0.092678121
0.037325391,0.065688753
0.073148977,0.114971139
0.090214109,0.117051645
0.105176247,0.115577631
0.103314539,0.110290382
0.161171737,0.128624679
0.166744527,0.129901938
0.136244976,0.108705106
0.199680956,0.145914943
0.111448661,0.134372395
0.08380413,0.123501878
0.172131977,0.169074399
0.142121926,0.156927148
0.090829328,0.095525346
0.10567463,0.081862747
0.116777294,0.105585834
0.072321757,0.116977742
0.125523131,0.132214452
0.140971662,0.178110891
0.107115417,0.161145837
0.132748639,0.110808051
0.117239323,0.123412578
0.161221182,0.087694311
0.091752023,0.13482413
0.098958819,0.084749057
0.211445953,0.134855654
0.069711806,0.131341364
0.106838728,0.107038702
0.127937746,0.135374718
0.065279891,0.109928195
0.110643981,0.12495825
0.124000514,0.206851921
0.129930067,0.094739664
0.065605558,0.111285183
0.133390144,0.106130232
0.121674063,0.130615618
0.114597137,0.131303767
0.097680169,0.10764747
0.104946905,0.134794607
0.142619956,0.174428544
0.194388594,0.209017681
0.131840075,0.172106822
0.125306056,0.152888346
0.100045605,0.135778756
0.114798581,0.150565744
0.208160335,0.222249205
0.066931296,0.12133697
0.131984427,0.153944011
0.157630405,0.204740594
0.149984799,0.187550549
0.227142339,0.242376181
0.193330924,0.209360341
0.203908043,0.174761719
0.127832201,0.148161763
0.099357106,0.120802342
0.215508076,0.216093361
0.13584785,0.169042382
0.13793881,0.200631314
0.203016254,0.212493567
0.211532039,0.196663016
0.222477037,0.222008216
0.152981388,0.241184108
0.101712203,0.125151593
0.101963853,0.130294604
0.118364338,0.152636504
0.100386559,0.156321839
0.111300934,0.148091293
0.11755186,0.150511461
0.217962242,0.198067222
0.134924584,0.148443787
0.090439039,0.119375773
0.080651482,0.117697797
0.080302617,0.114576381
0.108803006,0.162604602
0.079254616,0.102516501
0.082337751,0.131026361
0.147683632,0.162867468
0.108066086,0.141022809
0.080809168,0.127520126
0.117520306,0.156002123
0.069347287,0.117725039
0.094137066,0.125902874
0.171995892,0.195211735
0.144111962,0.148079266
0.04807583,0.08589887
0.093008932,0.129151468
0.065494679,0.117382028
0.062766886,0.094333363
0.120688605,0.192159746
0.156883084,0.208334086
0.095847793,0.138058314
0.151783063,0.156384234
0.138643144,0.192388216
0.064986383,0.100698412
0.058867893,0.101337225
0.105373073,0.137224605
0.104276355,0.112723071
0.126391257,0.160869448
0.117737645,0.140087932
0.116682671,0.131217531
0.133500169,0.154799553
0.197087564,0.196226403
0.144248768,0.149047515
0.119641721,0.142076834
0.075730371,0.096718812
0.151229438,0.163098463
0.240024689,0.305575419
0.161297721,0.198961846
0.116380509,0.160987225
0.07646329,0.097371078
0.17511178,0.145002053
0.086235116,0.112725637
0.108885331,0.155506294
0.138588044,0.172050256
0.100376415,0.149048845
0.088064581,0.131605755
0.125026151,0.17639488
0.121080695,0.174325211
0.185354385,0.156176192
0.14403528,0.179065279
0.134556181,0.164233381
0.130804079,0.176089172
0.115951225,0.164496065
0.138327389,0.186393605
0.071640143,0.11050979
0.05401919,0.088468383
0.054715877,0.090762802
0.058140598,0.090473509
0.092531117,0.116894453
0.158158276,0.153070817
0.129351219,0.142933907
0.13654671,0.162014226
0.100066566,0.095326575
0.188184348,0.17124272
0.146183429,0.200909997
0.138756773,0.192679792
0.070535184,0.093202682
0.075263583,0.09478545
0.063142041,0.100277189
0.070676457,0.089033722
0.141918465,0.154081031
0.09357717,0.13452538
0.062476748,0.086562252
0.075131334,0.103130399
0.079173262,0.093235482
0.080408923,0.097690163
0.045833901,0.089032229
0.056077632,0.068929442
0.108925598,0.116461182
